"Time"	G1	G2	G3	G4	G5	G6	G7	G8	G9	G10	G11	G12	G13	G14	G15	G16	G17	G18	G19	G20	G21	G22	G23	G24	G25	G26	G27	G28	G29	G30	G31	G32	G33	G34	G35	G36	G37	G38	G39	G40

0	0.2325014	0.6485963	0.0510236	0.7526304	0.7173849	0.7231093	0.2827858	0.0194982	0.2352119	0.2083758	0.2809285	0.1964602	0.0947132	0.0685797	0.3772099	0.0853745	0.0738638	0.3802500	0.2644707	0.3054029	0.0337236	0.0430825	0.1400787	0.2866867	0.2846850	0.0299158	0.1241412	0.1438973	0.0434110	0.1029095	0.3345630	0.5109929	0.0283086	0.1909554	0.4861853	0.0399735	0.6327858	0.1171804	0.5294726	0.0144774
50	0.0922877	0.6723094	0.0163043	0.1681544	0.7476525	0.7163548	0.3033925	0.0231891	0.1645433	0.3260871	0.3267849	0.1790217	0.0740884	0.0342352	0.3755223	0.0724673	0.0537165	0.3590578	0.2796799	0.3340687	0.0169002	0.0489497	0.0702745	0.2827022	0.2657799	0.0466605	0.1252608	0.0595834	0.0447625	0.1191633	0.3374857	0.2962998	0.0364041	0.1362154	0.5443105	0.4989989	0.8361413	0.2339482	0.5181878	0.0042680
100	0.0291974	0.5871869	0.0312428	0.0757434	0.6972713	0.5387232	0.2302650	0.0071398	0.1878577	0.4400474	0.2999351	0.1556631	0.0455326	0.0044069	0.3148239	0.0938821	0.0590578	0.3781962	0.4277706	0.3002020	0.0006255	0.0264553	0.0822406	0.2223019	0.2527417	0.0306627	0.1544955	0.0190401	0.0070761	0.0909371	0.2963166	0.2857097	0.0056931	0.0731467	0.5902361	0.5717933	0.7016512	0.1870741	0.6250741	0.0189256
150	0.0163831	0.6229721	0.0055689	0.0380203	0.6797988	0.7359130	0.2845868	0.0002918	0.1227440	0.6807543	0.2620060	0.1642310	0.0300100	0.0003924	0.2730738	0.0950067	0.0471471	0.3494198	0.2722462	0.2320600	0.0012543	0.0152530	0.0765265	0.2863908	0.1974237	0.0411437	0.1245589	0.0017662	0.0071412	0.0694876	0.3128964	0.4124974	0.0079730	0.1173985	0.5368973	0.5796863	0.7264452	0.2182321	0.7773470	0.0715931
200	0.0174726	0.6524760	0.0012356	0.0462277	0.5467666	0.5967351	0.2499979	0.0000131	0.0851240	0.6618466	0.3656341	0.1815535	0.0204693	0.0000290	0.3926533	0.0732028	0.0703342	0.4085624	0.3314441	0.2776475	0.0001913	0.0644533	0.1078672	0.2342710	0.2976775	0.0343173	0.2113324	0.0019894	0.0043894	0.1177381	0.3976751	0.3394164	0.0093096	0.1726174	0.6340127	0.5145216	0.7412029	0.1925651	0.6540310	0.1622832
250	0.0246335	0.7675652	0.0018532	0.0130475	0.7274292	0.8340349	0.2654606	0.0002462	0.0697483	0.6043752	0.3040596	0.1235753	0.0450198	0.0009996	0.3394875	0.0642046	0.0434806	0.3985983	0.3315275	0.2248731	0.0004772	0.0206381	0.0686973	0.2320037	0.2365927	0.0438212	0.1341751	0.0027380	0.0012019	0.0465840	0.3151529	0.3528616	0.0173530	0.1488928	0.7201299	0.4932677	0.6821638	0.1976373	0.8179980	0.2220506
300	0.0055064	0.7392516	0.0005073	0.0144494	0.6657377	0.8153308	0.3397202	0.0001411	0.0892900	0.6039548	0.3468661	0.1746140	0.0363973	0.0000599	0.2286116	0.0591165	0.0987860	0.2865306	0.3870281	0.3217918	0.0008221	0.0261109	0.0643506	0.2222152	0.2698979	0.0149162	0.1027144	0.0011632	0.0215970	0.0595892	0.3076361	0.3252486	0.0026645	0.1438062	0.6991562	0.4656837	0.6298322	0.1742008	0.7701339	0.2502229
350	0.0200620	0.6890060	0.0000797	0.0325176	0.7815121	0.6452447	0.2884978	0.0000479	0.0413816	0.6629585	0.3026187	0.2721943	0.0242302	0.0008793	0.3223049	0.1190536	0.1229695	0.2513272	0.2736277	0.2568011	0.0006122	0.0400892	0.0583365	0.2217370	0.2943008	0.0382018	0.1330122	0.0000720	0.0022253	0.0402902	0.2819988	0.3668579	0.0059569	0.1158797	0.7810663	0.4542939	0.6227079	0.1319738	0.5490833	0.3962569
400	0.0074150	0.7899131	0.0020812	0.0172139	0.6056488	0.6520610	0.3797760	0.0002954	0.1022529	0.6202247	0.2358118	0.2075519	0.0153360	0.0045689	0.3038731	0.0966750	0.0660889	0.3907031	0.3026974	0.2685556	0.0000426	0.0648472	0.0899675	0.1759180	0.1981166	0.0281544	0.1744011	0.0003025	0.0062601	0.1249504	0.3759945	0.4873140	0.0135405	0.1429431	0.7211814	0.5605153	0.6929438	0.1357963	0.7283075	0.5308039
450	0.0048015	0.6875879	0.0000583	0.0082474	0.7232616	0.6117478	0.3647386	0.0008881	0.0747446	0.6872815	0.3021785	0.1012050	0.0218038	0.0002938	0.3808651	0.0818932	0.0879722	0.3880187	0.2935109	0.2889289	0.0001853	0.0462512	0.0764672	0.2759019	0.2658695	0.0397587	0.1327807	0.0005791	0.0056995	0.0970768	0.3394236	0.4251987	0.0107062	0.1087019	0.7327808	0.4955396	0.7079516	0.2059358	0.5528769	0.3647257
500	0.0113096	0.6225845	0.0003441	0.0117791	0.7591228	0.6705981	0.2447188	0.0020071	0.0577169	0.6409304	0.2668475	0.1324472	0.0515370	0.0001358	0.2993042	0.1057640	0.0587582	0.3545175	0.2286696	0.2533144	0.0003010	0.0429574	0.0722153	0.2112007	0.2886132	0.0249277	0.1120487	0.0011210	0.0031572	0.0812856	0.3454831	0.4921096	0.0107054	0.0933023	0.5498855	0.4952227	0.7342754	0.1521962	0.7566329	0.3411422
550	0.1446401	0.7140335	0.0025513	0.6416333	0.6803903	0.7681255	0.2088569	0.0102167	0.2449105	0.6762891	0.3243348	0.2173397	0.1147199	0.0596207	0.3695013	0.1124235	0.0644176	0.4286623	0.2682976	0.3125271	0.0440646	0.0772405	0.0570201	0.2471138	0.2342825	0.0260349	0.1364459	0.0875933	0.0217001	0.0929125	0.3466494	0.4781679	0.0271393	0.1158943	0.5011834	0.1630634	0.7840020	0.1735947	0.6075032	0.1509680
600	0.3287507	0.7437649	0.0085609	0.7127476	0.6293036	0.7636407	0.2503009	0.0167192	0.2483858	0.3873805	0.3964593	0.2144183	0.1005952	0.0912860	0.3231423	0.0915314	0.0604638	0.4394715	0.3757067	0.3442652	0.0460466	0.0508859	0.1432966	0.3037514	0.2189600	0.0160488	0.1673067	0.1455626	0.0131540	0.1278213	0.3005858	0.3707066	0.0173392	0.1437809	0.5585373	0.1060054	0.5981300	0.2037988	0.6002637	0.0634956
650	0.3451833	0.6074723	0.0124680	0.6561070	0.7031648	0.7782465	0.2439424	0.0289843	0.2987489	0.2382762	0.3726479	0.1792674	0.1026639	0.1296598	0.3089842	0.0764867	0.0336473	0.4507483	0.3049020	0.2977434	0.0529922	0.0318331	0.0719806	0.1628786	0.2280974	0.0430556	0.1334236	0.1471496	0.0444324	0.1613518	0.3238899	0.4734999	0.0189882	0.1798060	0.5949067	0.0532186	0.7611263	0.1207606	0.4753194	0.0371494
700	0.2671522	0.7583244	0.0413593	0.6614434	0.7296985	0.6918952	0.2097734	0.0200677	0.2949551	0.1942060	0.2473566	0.1533693	0.0753299	0.1375280	0.3395543	0.0774063	0.0652114	0.2841764	0.2768751	0.2240289	0.0396486	0.0453031	0.1079105	0.2350353	0.2298001	0.0251993	0.1547672	0.1402186	0.0449986	0.1187737	0.2648913	0.3183431	0.0300322	0.0981141	0.5291461	0.0615783	0.6762805	0.1701349	0.4990066	0.0133031
750	0.2858063	0.7743307	0.0316955	0.7004715	0.6701183	0.7020191	0.2519672	0.0249755	0.2976715	0.2820742	0.2756976	0.1887057	0.0508644	0.0821812	0.3773293	0.0954116	0.0368992	0.3480824	0.2995006	0.2381089	0.0640764	0.0187502	0.1029452	0.3267422	0.2378217	0.0357907	0.1269777	0.1752748	0.0332904	0.1540660	0.3982666	0.4079688	0.0530157	0.1656651	0.5226199	0.0580207	0.8308732	0.1502228	0.5279648	0.0311609
800	0.2368147	0.5952782	0.0373402	0.7240992	0.7413611	0.6067116	0.2247792	0.0179637	0.3123969	0.2801288	0.3131366	0.1845617	0.0807436	0.0996548	0.3103841	0.1226208	0.0637374	0.3531336	0.2904576	0.2571533	0.0337099	0.0158506	0.0985340	0.2183775	0.2444882	0.0242866	0.1456984	0.1217654	0.0262597	0.1537279	0.4108893	0.3945745	0.0242417	0.1523715	0.6559954	0.0233706	0.7775932	0.1831748	0.5167599	0.0070591
850	0.2538861	0.6659754	0.0363263	0.6006008	0.8579799	0.6930125	0.2516723	0.0140736	0.4128891	0.1637380	0.3363566	0.1460071	0.1409775	0.0954236	0.2977245	0.0481095	0.0386373	0.2916921	0.3123567	0.2703376	0.0297405	0.0286425	0.0625602	0.2835333	0.2879970	0.0205727	0.1812412	0.1466484	0.0391131	0.1299456	0.2196647	0.3546307	0.0873219	0.1416511	0.4963170	0.0446611	0.6595370	0.0942392	0.4130602	0.0170162
900	0.2685931	0.7515923	0.0231718	0.5586649	0.7113592	0.7923176	0.3506873	0.0093121	0.2171350	0.1960504	0.3096856	0.1574373	0.0725296	0.0996061	0.2967523	0.0769234	0.0540970	0.3233565	0.3368062	0.2675339	0.0651381	0.0341482	0.0815183	0.1954657	0.2857724	0.0113557	0.1703213	0.1505621	0.0519829	0.1773292	0.3047790	0.4189612	0.0473183	0.1112297	0.5281492	0.0683299	0.6804839	0.1458005	0.5148744	0.0126548
950	0.2855842	0.6624496	0.0382730	0.5645513	0.7550560	0.5963635	0.1919339	0.0074960	0.2677791	0.2994750	0.2936828	0.0965655	0.1069324	0.0978090	0.2375696	0.0756876	0.0399554	0.3217151	0.2463695	0.3224656	0.0487255	0.0512393	0.0561110	0.1927544	0.3278040	0.0357780	0.1451682	0.1600912	0.0400981	0.1318121	0.2407005	0.4192671	0.0206652	0.0989902	0.5276843	0.0358400	0.6614762	0.2198004	0.5590354	0.0142778
1000	0.2496007	0.6753623	0.0196331	0.7466522	0.6211812	0.7725644	0.1809164	0.0133567	0.3360555	0.2194706	0.3018429	0.1264017	0.1013059	0.0678144	0.3515675	0.0906588	0.0543088	0.2413907	0.2962552	0.2255220	0.0406053	0.0250789	0.0666337	0.1860957	0.2197419	0.0099755	0.0735808	0.1189171	0.0407633	0.0810178	0.3758371	0.3712830	0.0162255	0.1347052	0.6791877	0.0374814	0.6091119	0.1248638	0.4578134	0.0096844

0	0.2573739	0.8030132	0.0609258	0.8736913	0.6586505	0.7194838	0.2434304	0.0347938	0.2287131	0.2099653	0.3713189	0.1217453	0.0845288	0.0753829	0.4103474	0.1168518	0.1176443	0.4501458	0.2590585	0.2902967	0.0282775	0.0660428	0.0833852	0.2860883	0.2513914	0.0260121	0.1257651	0.1299584	0.0564141	0.1535455	0.3085110	0.4595754	0.0316759	0.1795527	0.4589700	0.0572060	0.6730620	0.1324664	0.4747668	0.0076535
50	0.1094905	0.5867151	0.0343597	0.6851089	0.6444577	0.7606578	0.2853041	0.0135873	0.1875690	0.0887866	0.1860549	0.0378292	0.0821259	0.0182994	0.3537018	0.0478522	0.0679901	0.3304225	0.1998000	0.1207607	0.0455052	0.0462758	0.1010419	0.3087858	0.3353276	0.0301490	0.0562902	0.1542279	0.0352755	0.1690662	0.4156227	0.4063435	0.0194857	0.0862158	0.5666987	0.1296581	0.7166206	0.1267746	0.2814052	0.0276624
100	0.0259472	0.6322117	0.0420968	0.6847107	0.7160734	0.7208371	0.2409021	0.0007755	0.1815055	0.0206811	0.1265852	0.0042320	0.1074621	0.0207523	0.3781060	0.0115233	0.0615930	0.3495021	0.1341741	0.1707329	0.0442691	0.0187215	0.1130172	0.3533480	0.2788839	0.0254050	0.0260811	0.2089847	0.0757922	0.1088826	0.3116122	0.4629522	0.0073839	0.0399897	0.5370317	0.0408696	0.6103670	0.1904539	0.2680967	0.0010207
150	0.0108032	0.7252649	0.0391786	0.8220606	0.5940284	0.7285119	0.2452471	0.0015741	0.1996520	0.0447870	0.1496589	0.0020803	0.1019575	0.0058925	0.3708709	0.0156751	0.0751790	0.4884290	0.1472971	0.1188030	0.0328102	0.0475769	0.1015886	0.2487202	0.2428173	0.0163139	0.0389173	0.1341917	0.0381221	0.1413737	0.3109469	0.4031171	0.0076378	0.0459824	0.5894623	0.0784118	0.6244280	0.1414023	0.2358099	0.0068479
200	0.0019477	0.7412938	0.0287868	0.7851989	0.5956603	0.5678366	0.2290890	0.0006127	0.1806662	0.0394876	0.1995148	0.0004610	0.0927813	0.0019156	0.3264807	0.0269490	0.0539389	0.3977327	0.1102136	0.1055532	0.0487657	0.0626569	0.1234336	0.2806711	0.2416925	0.0395114	0.0502138	0.1394444	0.0763762	0.1918736	0.3017519	0.4705520	0.0036597	0.0531645	0.6545861	0.0436958	0.6114366	0.1329991	0.2318510	0.0133334
250	0.0001543	0.7455087	0.0458343	0.6612796	0.6166512	0.8071959	0.2331700	0.0018606	0.1467044	0.0238867	0.1470982	0.0052771	0.0613600	0.0003102	0.3782118	0.0162416	0.0701259	0.2993493	0.1176787	0.1366010	0.0507027	0.0296142	0.0676448	0.2737620	0.2675567	0.0246213	0.0298722	0.1465115	0.0401898	0.1643658	0.3104849	0.3361849	0.0015463	0.0512216	0.6036921	0.0411743	0.6773195	0.1501007	0.1616296	0.0098084
300	0.0000009	0.6055197	0.0572750	0.4786203	0.6855810	0.7077603	0.2262250	0.0024231	0.1827022	0.0310844	0.1453354	0.0026970	0.0691435	0.0007562	0.3922230	0.0030064	0.0996082	0.2528345	0.1980454	0.1089534	0.0253511	0.0229722	0.1162378	0.1885341	0.3108454	0.0216656	0.0440061	0.1770819	0.0468741	0.1326894	0.2755010	0.4703157	0.0087165	0.0232772	0.5938195	0.0483389	0.6410328	0.1297291	0.2172466	0.0078190
350	0.0000223	0.6798341	0.0220693	0.6325739	0.6441263	0.8049405	0.3293797	0.0021758	0.1455651	0.0345607	0.1524529	0.0025278	0.0361992	0.0057911	0.3292567	0.0231709	0.0653639	0.3061835	0.1537805	0.1588658	0.0913177	0.0146830	0.0558369	0.2051783	0.2416627	0.0215368	0.0376848	0.1608430	0.0530072	0.1359929	0.2772210	0.3269736	0.0035719	0.0424201	0.6052025	0.0514151	0.6080675	0.1251093	0.2628687	0.0055544
400	0.0001231	0.6803111	0.0237074	0.6868128	0.5818979	0.7181463	0.2117215	0.0010895	0.1772409	0.0402713	0.1665966	0.0046125	0.0961207	0.0003721	0.3063784	0.0176393	0.0875896	0.3136711	0.1926818	0.0888434	0.0517849	0.0255058	0.0779041	0.2704110	0.3414410	0.0224453	0.0426959	0.1675437	0.0315493	0.1673578	0.3911819	0.4709982	0.0020773	0.0570766	0.6035771	0.0280450	0.6305256	0.1061011	0.2070925	0.0046414
450	0.0000259	0.8096311	0.0442141	0.6742159	0.7096360	0.6327913	0.2765082	0.0012552	0.1870994	0.0225963	0.2159119	0.0009161	0.0884912	0.0021078	0.2988719	0.0113666	0.0867493	0.2807218	0.1547687	0.0994354	0.0299888	0.0226670	0.0806009	0.2399108	0.3564496	0.0176209	0.0199183	0.1490317	0.0379130	0.1455686	0.2269356	0.4534573	0.0011274	0.0451097	0.5907477	0.0793919	0.6543817	0.1425002	0.2539450	0.0000755
500	0.0000720	0.5703989	0.0218593	0.9266255	0.6696413	0.6334031	0.3322861	0.0004267	0.1671674	0.0299654	0.1750788	0.0009736	0.0579057	0.0000696	0.3027640	0.0276088	0.0681736	0.3490620	0.1371999	0.1306835	0.0357543	0.0469066	0.1111496	0.3740768	0.3048719	0.0499947	0.0183002	0.1672645	0.0400693	0.1966621	0.2174975	0.3441105	0.0000000	0.0484355	0.5471584	0.0405062	0.6309754	0.0946267	0.2259581	0.0026024
550	0.1993601	0.6562127	0.0459681	0.6539337	0.8295310	0.8002739	0.2701639	0.0194278	0.2294974	0.0993531	0.2273931	0.1780315	0.0841305	0.0774925	0.3274879	0.0940413	0.0542109	0.3184433	0.2671393	0.2978566	0.0476896	0.0143452	0.0499793	0.2088691	0.3025337	0.0287476	0.0832380	0.1855467	0.0441162	0.1739727	0.2725136	0.3411953	0.0109246	0.0784397	0.5704374	0.0406192	0.6521721	0.1463371	0.4010296	0.0337191
600	0.3092737	0.7022810	0.0402218	0.6135716	0.6842145	0.6143075	0.2908959	0.0292388	0.3288474	0.2121730	0.2318720	0.1635476	0.0675602	0.0709411	0.3514036	0.0717788	0.0576153	0.3793829	0.2800169	0.2810790	0.0408137	0.0300795	0.0510858	0.2012075	0.2973510	0.0329705	0.0809812	0.1485703	0.0585312	0.1352394	0.2730093	0.2592016	0.0294073	0.0752140	0.5922835	0.0551459	0.7679638	0.1280808	0.4348351	0.0059555
650	0.4063407	0.7703007	0.0777693	0.6233806	0.7869313	0.6947844	0.1958592	0.0204047	0.2685716	0.2237005	0.2394868	0.1138579	0.0922996	0.0753345	0.3009804	0.0796956	0.0479601	0.3297706	0.2261402	0.2536944	0.0589307	0.0164203	0.0780674	0.2576638	0.2433837	0.0188396	0.1095229	0.3139238	0.0360124	0.1445511	0.2607058	0.3450510	0.0561876	0.0619011	0.5919073	0.0627084	0.7156625	0.1483336	0.5210911	0.0072774
700	0.3823081	0.7478831	0.0381038	0.6442922	0.7461429	0.6505270	0.2340433	0.0316233	0.2105941	0.2142072	0.2781674	0.1693388	0.0539188	0.0948606	0.2953158	0.0506392	0.0683882	0.3727318	0.3262699	0.3271466	0.0772546	0.0674232	0.1149953	0.2823178	0.2245488	0.0338411	0.1290774	0.1649428	0.0212566	0.1405359	0.3162076	0.4593572	0.0205981	0.1303346	0.5259668	0.0466099	0.7288126	0.1802157	0.6514654	0.0065363
750	0.3633510	0.9879181	0.0332670	0.6730165	0.7175405	0.6625324	0.1792699	0.0350489	0.1892049	0.2610231	0.3223854	0.1789779	0.1215466	0.0621237	0.3597184	0.0691185	0.0581630	0.4212060	0.2263727	0.2254273	0.0571056	0.0449211	0.0891992	0.2484668	0.2507434	0.0756759	0.1416299	0.1645104	0.0380821	0.0771851	0.3219315	0.4773176	0.0265789	0.1160696	0.4870889	0.0375063	0.6515386	0.1180148	0.4331662	0.0196863
800	0.2698400	0.7714168	0.0341606	0.6418406	0.7061189	0.5401342	0.2637733	0.0087171	0.2417865	0.1480626	0.2944422	0.0988932	0.0748366	0.0865225	0.2298058	0.0766579	0.0527101	0.2870299	0.2768414	0.2624130	0.0430790	0.0159216	0.0591628	0.2541100	0.2350540	0.0415319	0.1530895	0.2133412	0.0364521	0.1007142	0.2465533	0.3206381	0.0187924	0.0600653	0.4477605	0.0527164	0.6061992	0.1499302	0.5046729	0.0098675
850	0.3238775	0.7941288	0.0408084	0.7902337	0.7594452	0.6449993	0.3063041	0.0159332	0.2067780	0.1983177	0.3254881	0.2019753	0.0782776	0.0652169	0.3602183	0.1399027	0.0916072	0.3813852	0.3004035	0.3645901	0.0629439	0.0580548	0.0801344	0.3010927	0.2626365	0.0544073	0.1241535	0.1173487	0.0593389	0.1814681	0.3383160	0.3800058	0.0340081	0.1092019	0.5803989	0.0561211	0.6224153	0.1220287	0.4142754	0.0081013
900	0.2670636	0.6122181	0.0418449	0.7064274	0.6154492	0.5627393	0.1883282	0.0120416	0.2277586	0.2210755	0.3008954	0.1523374	0.1339900	0.0751313	0.3372272	0.0505419	0.0705412	0.3406632	0.4061042	0.4197657	0.0408305	0.0415909	0.0852792	0.2825102	0.2757769	0.0287400	0.1100312	0.1453178	0.0428338	0.1877900	0.3390874	0.3119660	0.0303066	0.0920865	0.4800027	0.0306276	0.6323526	0.1762610	0.4957513	0.0045013
950	0.2248387	0.6511489	0.0539273	0.7333495	0.6347821	0.7331538	0.3084316	0.0124346	0.2830635	0.1839352	0.3308214	0.1850908	0.1054848	0.0658321	0.4949973	0.0709095	0.1351296	0.2649400	0.2756253	0.3617303	0.0430297	0.0358888	0.0828647	0.2840830	0.2680152	0.0351129	0.1236906	0.2332579	0.0723496	0.1283159	0.2629889	0.5266819	0.0287209	0.1490512	0.4992264	0.0317334	0.6095628	0.1693475	0.4801728	0.0066959
1000	0.3455997	0.7512929	0.0803360	0.6730693	0.6332098	0.7230785	0.3011873	0.0121242	0.2556724	0.2267162	0.3529027	0.1042853	0.0901275	0.0779623	0.3134421	0.0411580	0.0570005	0.3413896	0.2486613	0.2539595	0.0420762	0.0432929	0.1154818	0.3231588	0.2518677	0.0384464	0.1008307	0.1690823	0.0478576	0.1149947	0.3097386	0.3379814	0.0217138	0.0883660	0.4484875	0.0557254	0.6883174	0.1365254	0.3880525	0.0213102

0	0.2627826	0.7185596	0.0493611	0.8508343	0.6654870	0.6736108	0.2549053	0.0344262	0.2825715	0.1827824	0.2484457	0.1973375	0.1145489	0.0461748	0.4135822	0.1121467	0.1099200	0.4240357	0.2783078	0.2623587	0.0360374	0.0323030	0.1449216	0.3157949	0.3052808	0.0292990	0.0986151	0.1523844	0.0820156	0.0941468	0.3609922	0.4602361	0.0315390	0.1597754	0.5336202	0.0335806	0.6704427	0.1350956	0.4530374	0.0140349
50	0.2266085	0.7406182	0.0445785	0.5013114	0.5430235	0.5921813	0.3082422	0.0008716	0.1750561	0.1658189	0.3605370	0.1541031	0.1056997	0.0874346	0.2715442	0.1031212	0.0776207	0.3170713	0.0710739	0.4082543	0.0447319	0.0491907	0.1031807	0.0895558	0.3555357	0.0413138	0.1225980	0.1442112	0.0506578	0.0615046	0.3475003	0.4043812	0.0271711	0.1696899	0.4909581	0.0472150	0.7111559	0.1763484	0.4889449	0.0033092
100	0.2916472	0.7622102	0.0372944	0.5754644	0.5602701	0.7206786	0.3070433	0.0003898	0.1562275	0.2018927	0.4667306	0.1206558	0.0921495	0.1332950	0.2559061	0.1051152	0.0685264	0.3982156	0.0346501	0.3179271	0.0502126	0.0677448	0.0559929	0.0746876	0.2097385	0.0065622	0.1528349	0.1082561	0.0750884	0.0782607	0.3082462	0.3703333	0.0212533	0.2294604	0.4601463	0.0545757	0.6245621	0.1159118	0.4355597	0.0125210
150	0.2826294	0.6814570	0.0301386	0.6805652	0.6633792	0.7178807	0.2934852	0.0007759	0.1468438	0.1632185	0.2933777	0.0935692	0.0809277	0.0618805	0.3052550	0.1309493	0.1543981	0.2800113	0.0181816	0.2971310	0.0612958	0.0249702	0.0627902	0.0501487	0.2521626	0.0038977	0.1418897	0.1010561	0.0466373	0.0617904	0.2894404	0.3824093	0.0475508	0.1515069	0.4312987	0.0493044	0.6376931	0.1851766	0.5138147	0.0129786
200	0.2288879	0.6823090	0.0663984	0.6348578	0.5644740	0.6752387	0.2938788	0.0002515	0.1793941	0.1886306	0.3452344	0.1163462	0.0759642	0.0404263	0.2932019	0.0726010	0.0856167	0.2443027	0.0336837	0.3385013	0.0672486	0.0681988	0.0823073	0.0683005	0.2421892	0.0029407	0.1039083	0.0996421	0.0465501	0.0744401	0.3365533	0.3062609	0.0246015	0.1741016	0.3927491	0.0585445	0.6459840	0.1335345	0.4523443	0.0096508
250	0.2609678	0.7106681	0.0455256	0.7745508	0.6740708	0.7496667	0.2977891	0.0014750	0.1925971	0.2580698	0.3521471	0.0915138	0.0610883	0.0530798	0.2825311	0.0624548	0.0750081	0.3972844	0.0298488	0.3419372	0.0485806	0.0378192	0.0483763	0.1054244	0.2331630	0.0007739	0.0988181	0.0828334	0.0370483	0.1121571	0.3070626	0.3475363	0.0241161	0.2401480	0.5142405	0.0370460	0.6894538	0.1656973	0.5250631	0.0570414
300	0.1978042	0.6247439	0.0328275	0.7140941	0.4424885	0.7033314	0.2832735	0.0033915	0.1254548	0.2304809	0.4071229	0.1020729	0.0702807	0.0920769	0.2428921	0.0881351	0.0772075	0.2980500	0.0172320	0.3713771	0.0354233	0.0176852	0.0492417	0.0452436	0.2913429	0.0072335	0.1050370	0.1561829	0.0367600	0.0847752	0.3076848	0.3705082	0.0227177	0.1865028	0.5373219	0.0572460	0.7366061	0.1870298	0.4446243	0.0117716
350	0.2942398	0.6724283	0.0517055	0.7269785	0.5925988	0.6343750	0.3236612	0.0001001	0.1946116	0.1806483	0.3750079	0.1206808	0.1663029	0.1086125	0.2934998	0.1081593	0.1097962	0.2967458	0.0182429	0.3501393	0.0645725	0.0220587	0.0577704	0.0624689	0.2505857	0.0017345	0.1191848	0.1090555	0.0953165	0.0641694	0.2785990	0.3659483	0.0478423	0.2756661	0.4473778	0.0627552	0.6667392	0.1249578	0.3924458	0.0071405
400	0.3194092	0.6804538	0.0804461	0.7240371	0.5568121	0.5714199	0.2232589	0.0006369	0.1723907	0.1851973	0.4358021	0.1337139	0.1450259	0.0752270	0.2978841	0.0700702	0.0997098	0.2966080	0.0099991	0.3283940	0.0248959	0.0165468	0.0795848	0.0475162	0.3238665	0.0419689	0.0534991	0.1475117	0.0370579	0.0814470	0.2012149	0.3645813	0.0257686	0.2475589	0.5390606	0.0906771	0.6942308	0.1374371	0.3645501	0.0163167
450	0.3011752	0.6367510	0.0361793	0.9477407	0.5875678	0.7112792	0.2999255	0.0003246	0.1928630	0.1686738	0.2903804	0.1226059	0.1395226	0.0749740	0.3825472	0.0878104	0.0857945	0.3009483	0.0415271	0.2993370	0.0644086	0.0142976	0.0906904	0.0952275	0.2913312	0.0041978	0.1092338	0.0855198	0.0358824	0.0766080	0.2563834	0.3349327	0.0289688	0.1926845	0.5324279	0.0918764	0.7749933	0.1881456	0.4020025	0.0448331
500	0.2270085	0.6477272	0.0214437	0.6599642	0.7029714	0.6851102	0.3236489	0.0001237	0.2057168	0.1413792	0.3062387	0.1464459	0.1025429	0.1111577	0.2926750	0.0593077	0.0899325	0.3581054	0.0491298	0.3097099	0.0542020	0.0136024	0.0966181	0.0872153	0.3294112	0.0171691	0.1563813	0.0996372	0.0644807	0.1005597	0.2668896	0.4112166	0.0367666	0.2475483	0.5199950	0.0901120	0.6736618	0.1066197	0.4179115	0.0100816
550	0.2405558	0.5934153	0.0417809	0.7072286	0.6495353	0.7013667	0.2979862	0.0031950	0.1841598	0.1959539	0.3500131	0.2066168	0.1406790	0.0424808	0.2971340	0.0735393	0.1156215	0.2958383	0.3340495	0.3426189	0.0423046	0.0242100	0.0825188	0.1962371	0.2342400	0.0082281	0.1308633	0.1538169	0.0554657	0.0907888	0.2242348	0.3396875	0.0144635	0.3374026	0.5274167	0.0577354	0.7230801	0.1710894	0.4815218	0.0074437
600	0.3264292	0.6477248	0.0508906	0.5645396	0.6964455	0.6411406	0.2781544	0.0113846	0.2811784	0.2177996	0.3211408	0.2109862	0.1770486	0.0895570	0.4072462	0.0600443	0.0711557	0.3932234	0.3489390	0.2991567	0.0629490	0.0211864	0.0476498	0.2512428	0.3043025	0.0243897	0.1356697	0.1885104	0.0671397	0.0866127	0.3465073	0.3991283	0.0595583	0.2200802	0.5684301	0.0244117	0.8016836	0.1274156	0.5201602	0.0030229
650	0.2866085	0.6400862	0.0497254	0.6860660	0.6527507	0.6086356	0.2639280	0.0330878	0.2202088	0.2079572	0.3605091	0.1848746	0.0868408	0.1028311	0.3361472	0.0785716	0.0692940	0.2590847	0.2614329	0.2127139	0.0700894	0.0274775	0.0759002	0.2950672	0.3227881	0.0354836	0.0974641	0.1395267	0.0516821	0.1405177	0.2408385	0.3806231	0.0126334	0.1426312	0.5190361	0.0577982	0.5590825	0.1678784	0.4548733	0.0059297
700	0.3238265	0.6128584	0.0425588	0.7574120	0.6689844	0.5784235	0.2340650	0.0187339	0.3549422	0.1689975	0.3860818	0.1849182	0.0933692	0.0669244	0.3142791	0.0653552	0.0877858	0.4009318	0.3069880	0.3038478	0.1137082	0.0368298	0.0741466	0.2231647	0.3089413	0.0557142	0.1052566	0.1619672	0.0537247	0.1037997	0.2307036	0.3206711	0.0248729	0.1986699	0.4956988	0.0973784	0.7142315	0.1399746	0.4681986	0.0048444
750	0.2081538	0.6252033	0.0807904	0.6272730	0.7547422	0.6674897	0.2548903	0.0348821	0.3265232	0.2393119	0.3281103	0.2192593	0.1212178	0.0709527	0.3622155	0.0885611	0.1010064	0.3394347	0.2695517	0.2697231	0.0622807	0.0290463	0.1455138	0.3237911	0.3421760	0.0246676	0.1296681	0.1430227	0.0552154	0.1333177	0.2927920	0.3818441	0.0620783	0.2119371	0.4562754	0.0617842	0.6583424	0.1062644	0.5213393	0.0225245
800	0.3311457	0.6225551	0.0675924	0.6429056	0.6541849	0.5992957	0.2548458	0.0484574	0.2657158	0.2137150	0.3336636	0.1082619	0.1050542	0.1107723	0.3429659	0.0835971	0.0793624	0.2871788	0.1947678	0.3327113	0.0391249	0.0323196	0.0635646	0.2809551	0.2768095	0.0280419	0.1300740	0.2011999	0.0383560	0.1092129	0.2404543	0.3561702	0.0362466	0.0941819	0.4554154	0.0284927	0.7211880	0.1640376	0.4752798	0.0069652
850	0.2224754	0.7273119	0.0387727	0.5750605	0.6505026	0.6905300	0.2802825	0.0180608	0.2825375	0.2653579	0.3032496	0.1967135	0.0624622	0.0745448	0.3226870	0.0835323	0.0622770	0.3242125	0.2657676	0.2572044	0.0332375	0.0204482	0.1239904	0.2114717	0.2192127	0.0089566	0.1229526	0.1406104	0.0265629	0.1676216	0.3101018	0.4191835	0.0163576	0.1080000	0.5863208	0.0455951	0.5826971	0.1971042	0.4299565	0.0253025
900	0.2818342	0.6734908	0.0654588	0.7311879	0.6764020	0.6242952	0.2195990	0.0261194	0.2679597	0.3042462	0.2802249	0.1626426	0.0672232	0.0810466	0.2805861	0.0798312	0.1167335	0.2104083	0.2359843	0.2978539	0.0384879	0.0150885	0.0660365	0.2421312	0.3335816	0.0128542	0.1509585	0.1447684	0.0342253	0.1507242	0.3090529	0.2667013	0.0039963	0.1442012	0.6039087	0.0353343	0.6269775	0.1496696	0.4382531	0.0288234
950	0.2603370	0.6466840	0.0295444	0.6529119	0.6189353	0.7144086	0.2710405	0.0078884	0.3141190	0.1905916	0.3277372	0.1514515	0.0691910	0.0716793	0.3692921	0.0991741	0.1048068	0.2936847	0.3141780	0.2824094	0.0625959	0.0241829	0.0768517	0.1958645	0.2494055	0.0090975	0.1282823	0.1756050	0.0228050	0.1977556	0.3294276	0.3535031	0.0237049	0.1646229	0.5415228	0.0400146	0.7528749	0.1672564	0.4631552	0.0160364
1000	0.2600817	0.6534046	0.0565784	0.6959964	0.6008472	0.6951849	0.2283455	0.0216324	0.2911926	0.1985416	0.4152271	0.1706818	0.0929078	0.1397888	0.3659642	0.1075322	0.0764397	0.3749171	0.2931321	0.2454130	0.0452378	0.0689561	0.0925198	0.2851812	0.2379435	0.0123354	0.1505807	0.1472002	0.0504846	0.1863341	0.2419725	0.4969072	0.0315004	0.1864406	0.5381867	0.0633574	0.7721697	0.1586214	0.4673427	0.0105658

0	0.2273008	0.7361039	0.0670877	0.6530760	0.8170498	0.6646352	0.2784443	0.0320349	0.2107930	0.2525879	0.3838966	0.2339250	0.0499889	0.0871174	0.3710504	0.0859294	0.1120072	0.4710074	0.2892562	0.2384835	0.0340856	0.0204584	0.1129481	0.3424246	0.2979682	0.0267533	0.1520774	0.1600928	0.0613805	0.1195097	0.3930912	0.4559212	0.0223208	0.1355000	0.4926043	0.0559612	0.6599959	0.0785399	0.4196742	0.0155219
50	0.1684838	0.5878133	0.0236503	0.4648646	0.7180134	0.6929735	0.3171771	0.0082803	0.3562522	0.0496946	0.3534557	0.1405655	0.0832553	0.0074112	0.2752800	0.0912053	0.0579424	0.4262321	0.0890583	0.0577395	0.0467297	0.0276436	0.1236896	0.2140223	0.2505849	0.0161396	0.1365377	0.1617983	0.0196865	0.1349147	0.1220867	0.3657628	0.0406832	0.2427391	0.6278726	0.2797553	0.6488758	0.1402000	0.4765365	0.0075222
100	0.2125921	0.5886655	0.0365624	0.4500306	0.6976792	0.7546635	0.2497100	0.0003701	0.2876855	0.1261803	0.2407603	0.2154474	0.1040857	0.0018922	0.3206522	0.0777623	0.0624058	0.2991549	0.0481913	0.0146322	0.0464118	0.0329975	0.0865310	0.1695051	0.1647008	0.0189107	0.1165124	0.1308152	0.0648569	0.1111688	0.1542306	0.2652289	0.0168972	0.1434898	0.5430590	0.2192898	0.6649211	0.1359028	0.5318404	0.0130486
150	0.1677887	0.5995571	0.0357008	0.5129650	0.7731917	0.7880721	0.2116747	0.0002703	0.2930261	0.1796568	0.2745662	0.2057903	0.0922058	0.0007351	0.2562286	0.0511775	0.0869042	0.2607514	0.0450416	0.0039263	0.0674377	0.0227157	0.0707321	0.1386944	0.1595538	0.0261042	0.0992388	0.1576111	0.0850727	0.1061269	0.1152374	0.1981604	0.0183266	0.1287451	0.5902028	0.2254198	0.4990733	0.0929655	0.5758866	0.0073871
200	0.1505183	0.6659227	0.0289513	0.4752796	0.7335551	0.7258250	0.2429504	0.0001033	0.3090259	0.1916935	0.3555088	0.2240433	0.0659106	0.0021535	0.3630127	0.0646003	0.1005473	0.3586689	0.0299714	0.0007641	0.0718859	0.0106011	0.0715679	0.1719244	0.1163987	0.0394774	0.1016555	0.1317607	0.0846746	0.1379084	0.1105850	0.2867398	0.0111186	0.0742445	0.7686452	0.3341827	0.7580562	0.1203951	0.6198016	0.0122755
250	0.1582628	0.6613267	0.0124571	0.5623066	0.6338829	0.6733296	0.2525426	0.0001066	0.2536694	0.1984741	0.3689618	0.1178640	0.0561990	0.0002575	0.3023077	0.1320903	0.0547681	0.2916681	0.0280220	0.0017484	0.0492939	0.0077028	0.0975731	0.1540830	0.1909776	0.0322060	0.0981812	0.1501854	0.0603345	0.1229373	0.0646829	0.1945977	0.0411730	0.1338897	0.6023682	0.3056245	0.7994488	0.1577181	0.5152324	0.0072776
300	0.2465783	0.7266875	0.0175593	0.4534986	0.6289457	0.6815460	0.2618185	0.0000834	0.2938817	0.1700158	0.3280429	0.1826842	0.0647302	0.0002675	0.2811108	0.0859913	0.0590305	0.3499100	0.0258623	0.0079232	0.0734584	0.0220045	0.0449636	0.1901739	0.1186664	0.0171942	0.1387024	0.2094735	0.0422141	0.1732312	0.1125230	0.2072839	0.0228532	0.1615370	0.6508720	0.3226625	0.6363972	0.0959121	0.5830747	0.0149246
350	0.2464126	0.7012099	0.0117316	0.4735608	0.6099428	0.6776865	0.2536154	0.0000955	0.3151849	0.1610886	0.2989387	0.2481169	0.0840486	0.0023203	0.4537854	0.1177956	0.0916941	0.3075834	0.0385459	0.0099050	0.0450257	0.0493031	0.0864582	0.1523004	0.0977268	0.0260140	0.1241651	0.1416152	0.0851697	0.2170039	0.1069907	0.2658051	0.0187145	0.0908621	0.6847813	0.2267924	0.6586606	0.1086259	0.6065611	0.0070589
400	0.1702382	0.7544037	0.0113204	0.5055480	0.6017349	0.7180320	0.2278789	0.0021172	0.2557646	0.1127537	0.3159412	0.1523683	0.0984304	0.0024420	0.3764316	0.0898340	0.0829956	0.2518916	0.0233653	0.0030509	0.0661470	0.0568318	0.1092335	0.2154955	0.2060455	0.0129052	0.1237206	0.1303418	0.0544110	0.1728267	0.1001751	0.2453714	0.0231269	0.1070395	0.5742890	0.3167631	0.7509210	0.1325547	0.5492400	0.0053026
450	0.1478981	0.6891708	0.0105640	0.4426186	0.7960011	0.5998567	0.2816043	0.0002191	0.2849241	0.1299639	0.3668996	0.1766335	0.0838518	0.0000211	0.2813510	0.1024657	0.0494170	0.2117555	0.0167509	0.0123664	0.0527912	0.0285324	0.0622912	0.1842379	0.1358393	0.0252334	0.0934249	0.1544540	0.0554393	0.1063610	0.1160893	0.1810155	0.0252243	0.1331645	0.6945454	0.2517041	0.6848375	0.1115079	0.6660766	0.0090591
500	0.1763594	0.6721068	0.0261962	0.5154279	0.6254734	0.6572966	0.2517772	0.0000000	0.2460822	0.0866742	0.4086745	0.1660617	0.0900328	0.0006387	0.3729785	0.0611792	0.0978698	0.4035332	0.0113154	0.0182360	0.0371713	0.0310556	0.0834064	0.1540487	0.1502998	0.0270062	0.1197507	0.1953463	0.0627322	0.1132114	0.1106879	0.3009980	0.0371021	0.1604244	0.8991670	0.2688163	0.7964781	0.1258243	0.5454454	0.0075483
550	0.2244555	0.7806644	0.0156718	0.5943938	0.6866009	0.7200253	0.2459490	0.0146368	0.3395237	0.3167398	0.4108997	0.1781855	0.1157304	0.0619550	0.2983141	0.1386987	0.0778077	0.3341712	0.3512914	0.3199591	0.0736722	0.0237530	0.1167409	0.2051105	0.1706684	0.0396564	0.1149542	0.2590771	0.0448356	0.1260310	0.2385399	0.3198397	0.0440688	0.1896743	0.5701056	0.0919249	0.7201396	0.1166738	0.5132074	0.0051554
600	0.3040524	0.6626253	0.0339310	0.7876335	0.7219985	0.6879165	0.3269409	0.0209493	0.3415380	0.2479555	0.2434837	0.1978880	0.0598259	0.0563671	0.2797869	0.0479029	0.1174423	0.2729732	0.2531371	0.2142552	0.0404610	0.0185033	0.0963043	0.2182666	0.3110473	0.0314978	0.1072311	0.1896065	0.0138207	0.1831038	0.3169056	0.3160716	0.0261276	0.0456398	0.6237716	0.0588689	0.6870730	0.1771741	0.4942837	0.0113268
650	0.2423741	0.5777117	0.0334565	0.7572222	0.6503279	0.7556994	0.2227074	0.0136335	0.2382340	0.3208864	0.2289565	0.1519045	0.0863263	0.0964758	0.3429124	0.0800568	0.1731611	0.2983261	0.2318190	0.2620871	0.0358719	0.0289179	0.0627853	0.1781297	0.2297607	0.0139717	0.1222175	0.1581250	0.0371568	0.1599473	0.3303590	0.4347072	0.0224656	0.0529449	0.5244250	0.0405834	0.5805485	0.1018398	0.4313915	0.0035129
700	0.2167999	0.7168252	0.0991040	0.5655990	0.7340837	0.6374229	0.2162090	0.0150493	0.3147912	0.2094012	0.2000643	0.1069162	0.1016573	0.1677612	0.3441900	0.1267278	0.0450253	0.3026955	0.2844734	0.2889235	0.1066363	0.0352964	0.0515516	0.2278461	0.2163017	0.0337595	0.1217295	0.1783633	0.0403233	0.1037185	0.3312724	0.2997292	0.0482497	0.0899545	0.5072729	0.0354314	0.7412551	0.1542931	0.4597727	0.0075631
750	0.2727653	0.5892618	0.0359655	0.6469047	0.7191447	0.8023096	0.3185702	0.0175636	0.3256260	0.2194892	0.2562370	0.1273664	0.0901042	0.1140579	0.2691829	0.0984805	0.0553609	0.3527450	0.2412122	0.2499813	0.0576683	0.0450534	0.0742734	0.2767121	0.2435338	0.0317246	0.1319275	0.1531764	0.0147062	0.1216022	0.3618949	0.3021328	0.0295544	0.0895695	0.5868207	0.0472053	0.7716303	0.1580612	0.5570922	0.0113123
800	0.3086392	0.7008901	0.0350598	0.5918782	0.6199687	0.7135052	0.3086488	0.0152637	0.3260517	0.1873942	0.1942742	0.1586812	0.0644967	0.0907073	0.2915987	0.0821600	0.0445054	0.3194719	0.2852767	0.3039083	0.0503821	0.0143786	0.0522274	0.2323145	0.2400131	0.0390155	0.0805336	0.1377635	0.0294336	0.0932754	0.2170422	0.4399773	0.0194298	0.0890625	0.5891415	0.0714743	0.7461561	0.1721816	0.4406202	0.0125811
850	0.2677523	0.7182548	0.0471114	0.6578912	0.7213131	0.6558425	0.1945244	0.0120472	0.2731719	0.2298012	0.1855893	0.0973524	0.0697154	0.1221973	0.3551598	0.0481160	0.0458799	0.4013126	0.2439187	0.2309949	0.0466909	0.0277654	0.0435591	0.1891871	0.2379314	0.0322872	0.1227109	0.1721797	0.0470353	0.1307726	0.3401115	0.3734953	0.0222252	0.0837520	0.4590483	0.1026846	0.6160236	0.1952940	0.5024293	0.0146721
900	0.2277276	0.6584398	0.0221807	0.7498442	0.6059898	0.7842657	0.2634950	0.0353258	0.2000589	0.2570879	0.2128386	0.1281200	0.0575294	0.0988957	0.4384800	0.0683794	0.0381427	0.4290351	0.2069539	0.2758023	0.0483535	0.0332334	0.1016645	0.2326755	0.3076451	0.0120127	0.1622390	0.1858135	0.0686003	0.1454470	0.3692954	0.3061489	0.0253387	0.0667475	0.4351473	0.0261046	0.6997310	0.1086957	0.5736597	0.0103310
950	0.2304564	0.5808600	0.0313122	0.6793288	0.7695014	0.6081080	0.1797656	0.0082980	0.2645071	0.2540356	0.2199520	0.1796585	0.1196032	0.0634845	0.3435963	0.0587667	0.0389021	0.4020665	0.2890664	0.3058927	0.1164880	0.0390678	0.0638946	0.1874205	0.2183505	0.0195369	0.1026629	0.1199003	0.0323574	0.1014079	0.3068283	0.3968990	0.0163223	0.0796070	0.4797881	0.0413609	0.6923397	0.1368752	0.4213771	0.0071630
1000	0.2350186	0.8043130	0.0271230	0.7758859	0.6401707	0.6893281	0.2676913	0.0110217	0.2577416	0.2362393	0.3472685	0.2133359	0.0660129	0.0966262	0.3014878	0.1016156	0.0677860	0.4168623	0.2574851	0.2509430	0.0723922	0.0290152	0.0588695	0.2400199	0.2657711	0.0253731	0.1109340	0.1801145	0.0191983	0.0910753	0.2925557	0.3751753	0.0245186	0.1481530	0.4481297	0.0533588	0.6168783	0.1531796	0.5321100	0.0085247

0	0.2538362	0.7689510	0.0619117	0.6393472	0.6331547	0.6582955	0.2087393	0.0482034	0.2155034	0.2010000	0.3722571	0.2115523	0.0969874	0.0744148	0.3543336	0.0741893	0.1025028	0.4279138	0.2592657	0.2657416	0.0319941	0.0307496	0.1111469	0.2329329	0.2742273	0.0316762	0.1189848	0.1432843	0.0434925	0.1005659	0.3711793	0.3926027	0.0205848	0.1531534	0.4704596	0.0256606	0.7597805	0.1304319	0.4181931	0.0360843
50	0.2550073	0.3547083	0.0470616	0.6462239	0.2341202	0.6230637	0.3840111	0.0178098	0.2992724	0.0712723	0.4579917	0.1351886	0.1420419	0.0755702	0.2394081	0.0869266	0.1009840	0.4038545	0.3591078	0.4012963	0.0395446	0.0279575	0.0845257	0.2653743	0.3274288	0.0070796	0.1109516	0.0946570	0.0702631	0.1489269	0.2615396	0.0296492	0.0323695	0.3959608	0.4324354	0.0458501	0.1620505	0.1536649	0.5838747	0.0053646
100	0.3280320	0.3466739	0.0547269	0.6511342	0.1128476	0.6267893	0.3669795	0.0219715	0.3893324	0.0611943	0.5589239	0.4389894	0.2750584	0.0849397	0.2246160	0.0697735	0.2390457	0.3901342	0.6217690	0.6244942	0.0557140	0.0355438	0.0378156	0.2235740	0.4469705	0.0170210	0.1056655	0.2715922	0.0704111	0.1478170	0.2596853	0.0462980	0.0253149	0.5413095	0.3404039	0.0546332	0.0347175	0.2639788	0.4346546	0.0132867
150	0.3557565	0.2273129	0.0895873	0.6243316	0.0329721	0.6714628	0.5333872	0.0383483	0.5392765	0.0800351	0.5897701	0.5052555	0.5254740	0.2167818	0.2405951	0.0633196	0.4462271	0.3860326	0.4949748	0.6627727	0.2906467	0.0608288	0.0281027	0.2213286	0.5036885	0.0017666	0.1146666	0.5790941	0.2122690	0.1609725	0.3754737	0.0251023	0.0305407	0.5273364	0.2372459	0.0361232	0.0509623	0.4260192	0.3778946	0.0134090
200	0.4204261	0.1997355	0.0912319	0.6198748	0.0314794	0.6868933	0.6106786	0.1748170	0.6644275	0.0733439	0.6645478	0.3552845	0.5913937	0.6149064	0.2625752	0.0641510	0.7711760	0.4263162	0.6576171	0.5833566	0.4840683	0.0370823	0.0318036	0.2888769	0.5940905	0.0118369	0.1051631	0.5107600	0.3944103	0.1239741	0.2760762	0.0303191	0.0363658	0.4604593	0.1386862	0.0908322	0.0229581	0.6070512	0.2765036	0.0125416
250	0.4348845	0.2109566	0.1226433	0.6738917	0.0226757	0.6170226	0.5187071	0.2788355	0.6440874	0.0743478	0.7214953	0.4816972	0.5306422	0.6197062	0.2098512	0.0553780	0.7983748	0.2743378	0.5547916	0.7359322	0.5814096	0.0370491	0.0305239	0.1995853	0.5928639	0.0026078	0.1115345	0.6481713	0.4805249	0.1514733	0.3594325	0.0370368	0.0420589	0.4890468	0.1410705	0.1252075	0.0219824	0.5287336	0.1706342	0.0049466
300	0.4637672	0.2401174	0.1072445	0.6490150	0.0460810	0.8461952	0.5994414	0.3613980	0.7468783	0.1033412	0.6374250	0.4503979	0.6056473	0.7286351	0.2101442	0.0588993	0.7095829	0.2600261	0.7057983	0.6915332	0.5986201	0.0185804	0.0497595	0.2039261	0.5837554	0.0131404	0.1105372	0.5703181	0.5399753	0.1620102	0.2735978	0.0220985	0.0380881	0.4952366	0.0758614	0.0534769	0.0416581	0.7342330	0.1929190	0.0060351
350	0.3596041	0.1917282	0.1079569	0.6769893	0.0190911	0.5916099	0.6038326	0.4623844	0.6217569	0.0742852	0.5875056	0.4997902	0.5668474	0.7624097	0.2421787	0.0587063	0.6811303	0.2149253	0.7697818	0.7473858	0.6229631	0.0194181	0.0221263	0.2376459	0.6209662	0.0050173	0.1181965	0.6677589	0.6078821	0.1253275	0.2743435	0.0229040	0.0257876	0.5040565	0.0472046	0.0727984	0.0169105	0.6650073	0.2333039	0.0065260
400	0.4243965	0.3810785	0.1887643	0.5513388	0.0160700	0.5795328	0.5935485	0.4504188	0.6802577	0.0562320	0.6193555	0.4448441	0.6263096	0.6479568	0.1563470	0.1039097	0.8064614	0.2335724	0.6081100	0.6091840	0.7094189	0.0234921	0.0506045	0.2308373	0.6824380	0.0022908	0.1060339	0.5993147	0.6496887	0.1309723	0.2339627	0.0283173	0.0508654	0.5880128	0.0468021	0.0700293	0.0293238	0.8686503	0.2303639	0.0051614
450	0.3504701	0.1895632	0.1789070	0.7247507	0.0214350	0.6597057	0.5456386	0.6038522	0.4995113	0.0640700	0.7480195	0.4540143	0.6094248	0.5855263	0.2311431	0.1018677	0.7742714	0.3785400	0.6249949	0.7764575	0.5194814	0.0225413	0.0335214	0.2415061	0.6039221	0.0006481	0.1815496	0.6253821	0.6499289	0.1090542	0.2843702	0.0563297	0.0831028	0.6386153	0.0590040	0.0366214	0.0336473	0.6409321	0.1963574	0.0179499
500	0.3491274	0.2563610	0.1634707	0.6794554	0.0242094	0.6775638	0.5687464	0.6568678	0.6092544	0.0408599	0.7545231	0.4986871	0.6279600	0.5948864	0.1833880	0.0912954	0.6979056	0.3683421	0.5809848	0.7209385	0.5540849	0.0339843	0.0570329	0.2623113	0.6815826	0.0015897	0.1441574	0.7082999	0.7458468	0.1147097	0.3151283	0.0278668	0.0535856	0.4795614	0.0570117	0.0239225	0.0389486	0.6016495	0.1838173	0.0037051
550	0.2953067	0.6015848	0.1424607	0.7733880	0.4829092	0.7364044	0.6547845	0.3748900	0.6899752	0.1730868	0.7751293	0.6794997	0.5916836	0.3900941	0.2699784	0.0855484	0.5519344	0.4174573	0.5888842	0.6424737	0.4002604	0.0364975	0.0838069	0.2626602	0.5552590	0.0174112	0.1484909	0.6339331	0.4128752	0.1686562	0.3222881	0.4145777	0.0293287	0.5994126	0.2934629	0.0546557	0.5982751	0.5599866	0.1944701	0.0119139
600	0.3980939	0.6803549	0.1112633	0.7546761	0.6136336	0.6189098	0.5522006	0.1370086	0.6170525	0.1407516	0.5987038	0.5255644	0.4514111	0.1660316	0.3025770	0.0675844	0.3260879	0.3177906	0.5727410	0.6311800	0.1387389	0.0324376	0.0718489	0.2493484	0.4275082	0.0094255	0.1466203	0.3515951	0.1799691	0.1459827	0.3001203	0.4275944	0.0271130	0.6739437	0.5646286	0.0534142	0.6970901	0.2743313	0.3665701	0.0058705
650	0.2791386	0.7706063	0.0626308	0.7767505	0.6755912	0.6629493	0.4379149	0.0511513	0.3532866	0.2121519	0.4678043	0.3625507	0.2784498	0.1072719	0.2791127	0.0671842	0.2021560	0.2543241	0.4992241	0.4605995	0.0984015	0.0221134	0.0552135	0.2507673	0.3328606	0.0255119	0.1323947	0.2422573	0.0755328	0.0928478	0.3032085	0.4240263	0.0188288	0.5370111	0.5881228	0.0306940	0.6538050	0.1604955	0.3946047	0.0110135
700	0.2705594	0.7714084	0.0421348	0.6538549	0.7405848	0.5511765	0.3078794	0.0396224	0.3488722	0.2337446	0.3351411	0.2449920	0.0950633	0.0601525	0.3363579	0.1744060	0.0888981	0.3389232	0.3384658	0.2698941	0.0694583	0.0239391	0.0676290	0.1753686	0.2259189	0.0346451	0.0930805	0.1256650	0.0593360	0.1184674	0.3281590	0.3915116	0.0238398	0.2260395	0.4870024	0.0626079	0.7193869	0.1740807	0.5083016	0.0088975
750	0.3397159	0.6903042	0.0369112	0.5578417	0.6940870	0.6337177	0.3472709	0.0175493	0.3229613	0.2848535	0.2799396	0.2217238	0.1022117	0.1092429	0.2858680	0.1115053	0.1242999	0.4129522	0.3855022	0.3475971	0.0692709	0.0270749	0.0828781	0.2125056	0.2365333	0.0313736	0.1417042	0.1580442	0.0461299	0.1157592	0.2677108	0.3620392	0.0293724	0.1832692	0.5303933	0.0551220	0.6221784	0.1409588	0.3805800	0.0073559
800	0.3546476	0.6737508	0.0414750	0.6633533	0.6879637	0.6523081	0.2642602	0.0053949	0.2753914	0.1789040	0.3018128	0.1369204	0.0894442	0.1048110	0.3394157	0.0636830	0.0691459	0.3255554	0.1850948	0.2963256	0.0554336	0.0490096	0.0472053	0.2925839	0.3094085	0.0279788	0.1106553	0.1770733	0.0418017	0.1397605	0.3763799	0.2972268	0.0412041	0.1677457	0.6079596	0.0486980	0.6545902	0.1139039	0.5234341	0.0148142
850	0.3390653	0.6885028	0.0507728	0.6389115	0.7961197	0.7539319	0.3213743	0.0118592	0.2242650	0.2091512	0.3275727	0.1029097	0.1506978	0.1611721	0.2883729	0.1229568	0.0694494	0.3170215	0.2430069	0.2532630	0.0635110	0.0251061	0.0991344	0.2534036	0.2365670	0.0256975	0.1073127	0.1012369	0.0471607	0.1255360	0.2986805	0.3965069	0.0302750	0.0963933	0.5247712	0.0449914	0.7590970	0.1219841	0.5011895	0.0165395
900	0.3067347	0.5792246	0.0714626	0.6369025	0.7562758	0.7357315	0.2728619	0.0204867	0.2227763	0.2136280	0.3453019	0.2197838	0.0710812	0.0870920	0.2848388	0.1042553	0.0466035	0.3924861	0.3905129	0.2915566	0.0415779	0.0211105	0.0902801	0.1956485	0.2128332	0.0191698	0.1253830	0.1160124	0.0446968	0.1025994	0.3194325	0.3961418	0.0096952	0.1372489	0.4531841	0.0444299	0.7219178	0.1223544	0.5032164	0.0092851
950	0.2513271	0.6511175	0.0179670	0.7406879	0.7367825	0.6692730	0.2118198	0.0101504	0.1828950	0.2242938	0.2352330	0.2144884	0.0847674	0.0506694	0.2597172	0.0857367	0.0874992	0.3884778	0.2809182	0.2369996	0.0347850	0.0410768	0.0962323	0.2931514	0.2559216	0.0258664	0.1654370	0.1751485	0.0397746	0.1106002	0.2808535	0.3535047	0.0186307	0.0986206	0.5526726	0.0385909	0.5457678	0.1635029	0.5069914	0.0214781
1000	0.3042206	0.6511040	0.0223800	0.7970681	0.6254906	0.6928248	0.2530711	0.0276450	0.3103567	0.2228707	0.3216781	0.1411587	0.1031359	0.0491760	0.3043227	0.1527517	0.0509363	0.4180163	0.3323375	0.4013068	0.0479663	0.0470399	0.0857444	0.3292580	0.3281977	0.0191940	0.1611367	0.1855717	0.0515053	0.1199412	0.3350835	0.3849509	0.0098535	0.2147796	0.4023946	0.0637891	0.5688362	0.1916773	0.5142142	0.0090562

0	0.2931106	0.7560988	0.0361327	0.7145670	0.6404243	0.6956736	0.2484583	0.0359240	0.2872539	0.1819456	0.2933585	0.1764688	0.1489494	0.1106099	0.3522951	0.1155808	0.0887426	0.3255714	0.3234783	0.2676684	0.0291005	0.0481795	0.0884311	0.2843890	0.2913593	0.0166518	0.1129487	0.1097376	0.0370474	0.1559718	0.3303473	0.4343719	0.0240702	0.1801271	0.4669404	0.0266004	0.6647128	0.1126672	0.4724233	0.0106007
50	0.3181185	0.6723726	0.0350801	0.6441474	0.7130252	0.7214694	0.2461173	0.0053801	0.2995347	0.0970675	0.3851679	0.1761428	0.0532840	0.0153328	0.3444315	0.0771602	0.1160799	0.2561277	0.3369650	0.3169293	0.0235990	0.0377787	0.0261743	0.2014074	0.1388876	0.0070227	0.1711526	0.2015461	0.0529640	0.0737720	0.3458305	0.2802194	0.0225273	0.2147841	0.4796675	0.4206423	0.6180721	0.1510213	0.2989962	0.0088804
100	0.2399597	0.8117323	0.0829135	0.6669736	0.5314941	0.6383678	0.2020931	0.0081744	0.2725352	0.0560438	0.3112071	0.2072146	0.1440574	0.0055238	0.3549678	0.1371946	0.0955393	0.2340197	0.3672706	0.4143442	0.0003236	0.0173770	0.0167853	0.2978232	0.0809406	0.0500552	0.1079346	0.2061766	0.0843705	0.1303121	0.2707214	0.3201838	0.0473681	0.3607305	0.5514755	0.6158463	0.6371343	0.1860561	0.3804764	0.0015640
150	0.2863722	0.6472343	0.0776494	0.6444257	0.5363830	0.6577156	0.2657438	0.0000000	0.3520405	0.0136995	0.4331799	0.1830430	0.0978058	0.0020569	0.2889131	0.0844307	0.1645032	0.1586542	0.4992941	0.3418563	0.0000000	0.0074910	0.0403773	0.2797634	0.0862984	0.0254785	0.1282503	0.1853132	0.0345738	0.1238391	0.3010528	0.3269446	0.0403064	0.4388701	0.5114579	0.5868781	0.6445554	0.1299904	0.3697547	0.0210448
200	0.2873766	0.5970291	0.0244205	0.6016240	0.5649296	0.7083665	0.2549729	0.0002643	0.3429301	0.0287859	0.4411011	0.2418877	0.1442556	0.0011227	0.3540703	0.0938503	0.1582797	0.1275365	0.5761865	0.5025387	0.0009279	0.0017293	0.0373503	0.2743524	0.0692895	0.0332390	0.1137442	0.1898567	0.1169229	0.0957907	0.2461343	0.2463561	0.0128146	0.4649143	0.6061911	0.5940955	0.7568789	0.1411430	0.3500230	0.0080600
250	0.3679787	0.7447872	0.0367108	0.6125259	0.5214374	0.7369839	0.3481458	0.0024269	0.2813858	0.0311148	0.5397568	0.3562331	0.1796137	0.0002657	0.4213900	0.0845183	0.1774750	0.1460089	0.4343137	0.4180443	0.0020810	0.0028845	0.0251567	0.2626277	0.0478161	0.0181199	0.1205732	0.1844833	0.0374593	0.1043771	0.3023584	0.3020878	0.0296339	0.5675420	0.6516156	0.6182998	0.7723252	0.1103834	0.4368747	0.0053423
300	0.2799433	0.6434104	0.0615892	0.7465146	0.6479838	0.6315832	0.2786803	0.0019730	0.3557903	0.0145725	0.5567304	0.2949837	0.1743776	0.0083983	0.3193418	0.1121402	0.2171396	0.1385154	0.3837248	0.4042952	0.0003489	0.0237602	0.0141612	0.2226960	0.0848422	0.0404809	0.1111430	0.1864052	0.0299200	0.1278188	0.4676412	0.4155272	0.0184164	0.5742775	0.5674778	0.5673178	0.7703458	0.1325578	0.4335190	0.0081960
350	0.3995639	0.6875485	0.0719727	0.8016929	0.5786128	0.6650536	0.2589880	0.0005557	0.3097671	0.0553881	0.4692403	0.2317304	0.1351833	0.0004103	0.3734703	0.0633227	0.1048774	0.1609602	0.4197266	0.4171457	0.0004877	0.0015189	0.0179031	0.2476258	0.1039603	0.0128712	0.1215375	0.1346429	0.0698167	0.1514969	0.3053523	0.2476453	0.0247889	0.4739126	0.5078033	0.5578747	0.6889253	0.1528412	0.3571099	0.0091010
400	0.2434245	0.7436418	0.0605121	0.6757216	0.5804108	0.7189749	0.1934371	0.0010487	0.3832965	0.0460905	0.4667852	0.2342524	0.1419073	0.0015073	0.3450389	0.1120321	0.1278817	0.1475702	0.3047265	0.4088343	0.0002741	0.0022025	0.0770726	0.2463198	0.0673148	0.0159248	0.1423545	0.2027093	0.0893707	0.1441565	0.2808168	0.2546602	0.0092873	0.4733274	0.6355626	0.6182180	0.7891668	0.1484213	0.3361219	0.0074709
450	0.2970440	0.6450153	0.0354231	0.7784726	0.4277402	0.5423329	0.2430621	0.0006953	0.3352228	0.0193128	0.4910277	0.2575701	0.1284178	0.0010969	0.2892087	0.1042667	0.1487957	0.1658205	0.4098709	0.4327250	0.0001396	0.0040616	0.0233325	0.2186292	0.0738000	0.0175373	0.1185004	0.1923264	0.0308419	0.1222254	0.2352834	0.2095777	0.0214394	0.6006445	0.6178308	0.6324748	0.6865619	0.1975145	0.4346502	0.0015942
500	0.3624805	0.5960587	0.0390944	0.6627234	0.4058805	0.6406826	0.2830408	0.0000000	0.3273282	0.0274901	0.4602901	0.2560600	0.1888682	0.0038467	0.3843433	0.0932964	0.1736599	0.1665563	0.4092790	0.4050000	0.0029349	0.0099853	0.0505368	0.2860489	0.0829390	0.0307310	0.1443043	0.2712944	0.0409442	0.1452815	0.2494142	0.3210914	0.0217513	0.4932660	0.6172927	0.6312097	0.7504726	0.1564135	0.3243507	0.0183319
550	0.3013073	0.8176441	0.0572744	0.6000003	0.4913262	0.6116153	0.4167104	0.0132045	0.3021537	0.1923820	0.4426276	0.3346655	0.1874025	0.0764953	0.3000018	0.0951632	0.1870490	0.2496387	0.5197743	0.4651002	0.0401553	0.0182971	0.0640524	0.2172566	0.3042174	0.0188827	0.1328164	0.2194258	0.0695773	0.1072803	0.2367707	0.2762515	0.0193425	0.5034760	0.5677263	0.1569955	0.5591092	0.1485316	0.4645230	0.0045545
600	0.2928611	0.5898067	0.0449433	0.6342950	0.5745572	0.7054685	0.3493582	0.0196978	0.3728990	0.2346571	0.4480646	0.2801144	0.1529766	0.0986928	0.2462968	0.0834846	0.1236504	0.3085508	0.3608058	0.3762995	0.0658466	0.0193648	0.0831637	0.2802168	0.2628178	0.0185008	0.1314658	0.1304097	0.0352188	0.0933968	0.2194977	0.3758605	0.0184863	0.4383265	0.5595092	0.0780252	0.7208653	0.1279430	0.4832040	0.0062146
650	0.2818985	0.7894070	0.0435035	0.6323010	0.6378248	0.6638462	0.3934166	0.0093947	0.4524170	0.1718583	0.3227654	0.2234192	0.1276911	0.0871660	0.3439075	0.0914407	0.1070163	0.3174991	0.3859792	0.3419961	0.0577898	0.0429518	0.1016239	0.3151901	0.2392743	0.0397857	0.0821151	0.1718899	0.0426427	0.0862495	0.2667641	0.4021151	0.0448266	0.2347267	0.6080345	0.0859527	0.7957365	0.1265960	0.4840456	0.0138460
700	0.3953717	0.6847660	0.0446689	0.6994441	0.7944846	0.6086954	0.3012015	0.0136980	0.2624888	0.2784420	0.2562712	0.2288584	0.1500265	0.1041442	0.3313137	0.0710631	0.0870756	0.3716571	0.2598961	0.3102809	0.0378080	0.0308595	0.0850125	0.2837813	0.3577552	0.0346644	0.1011211	0.1766475	0.0558959	0.1457867	0.2794807	0.3603349	0.0495151	0.2726989	0.5988262	0.0427360	0.7036028	0.1609329	0.3349250	0.0014474
750	0.2681590	0.7330349	0.0460027	0.6452816	0.7433352	0.6717228	0.2804394	0.0084309	0.2333175	0.2354535	0.3362613	0.1301565	0.1361695	0.0799405	0.3206301	0.0981269	0.0846155	0.3434882	0.3103932	0.3619780	0.0654542	0.0290686	0.1271442	0.2993464	0.2498715	0.0267327	0.1240833	0.1582553	0.0465417	0.1086717	0.3362824	0.3955035	0.0150450	0.1436657	0.5738245	0.0411337	0.6393495	0.1563335	0.4884576	0.0246860
800	0.2971871	0.5826386	0.0437985	0.6510920	0.6814543	0.6835454	0.3230918	0.0261315	0.3074141	0.1955780	0.3869042	0.1755943	0.1131521	0.0821277	0.3321418	0.1203148	0.0990758	0.4783381	0.2852131	0.3351260	0.0781539	0.0373932	0.0993168	0.2113434	0.3157886	0.0334860	0.1107266	0.1588864	0.0355252	0.0999125	0.2755239	0.3401884	0.0391705	0.1451947	0.5864497	0.0790321	0.5404047	0.1769031	0.5404665	0.0051663
850	0.2888214	0.7267332	0.0295477	0.6362813	0.7791888	0.7399380	0.2713207	0.0173428	0.3573004	0.1916262	0.2615334	0.1186070	0.0605938	0.0746400	0.3744498	0.0823729	0.0426446	0.3508033	0.3829561	0.3017551	0.0539590	0.0244242	0.1061216	0.2466264	0.3093855	0.0269038	0.1484665	0.1872211	0.0618645	0.1906797	0.3117434	0.2597303	0.0185856	0.1348701	0.5176335	0.1374039	0.7982356	0.1371871	0.5021363	0.0214887
900	0.2469206	0.6914240	0.0203854	0.6056170	0.6149522	0.6278176	0.2576671	0.0267173	0.3124097	0.1986209	0.4187910	0.1224590	0.1036009	0.0713585	0.3178532	0.1243768	0.0571475	0.3510299	0.3349779	0.2658959	0.0646884	0.0224225	0.0424932	0.2706639	0.2275738	0.0212339	0.1486439	0.1592474	0.0416332	0.1510704	0.2104988	0.4913567	0.0391813	0.1263101	0.5663556	0.0626893	0.6929127	0.1417182	0.4196068	0.0095644
950	0.2887996	0.6734741	0.0559270	0.8597403	0.6831211	0.6345704	0.2578727	0.0251194	0.2907731	0.1599398	0.2896664	0.1377257	0.0824450	0.0841213	0.3115368	0.1092981	0.0869213	0.3492181	0.2740145	0.3270006	0.0366941	0.0314774	0.0912955	0.2790274	0.3169727	0.0113712	0.0879412	0.1943519	0.0481102	0.1137582	0.3087061	0.3998584	0.0251402	0.1216981	0.5449877	0.0781410	0.7235308	0.1069876	0.5007706	0.0113624
1000	0.2878021	0.6279499	0.0666357	0.6353699	0.7070778	0.7287805	0.2982662	0.0234130	0.2351801	0.1642018	0.3993320	0.1669049	0.0686675	0.0726329	0.3719706	0.0846590	0.0507266	0.4235741	0.3139025	0.2876723	0.0900823	0.0252883	0.0655942	0.2862433	0.3092457	0.0414214	0.1181614	0.2005189	0.0772675	0.0646960	0.2538926	0.3484679	0.0341535	0.1052461	0.5086427	0.0350621	0.6645074	0.1844337	0.3936891	0.0128593

0	0.2179889	0.8464655	0.0267787	0.7760851	0.5727284	0.6595283	0.2585937	0.0240372	0.2998229	0.1916810	0.2841307	0.1780533	0.1193211	0.0689113	0.4465114	0.1000781	0.1157111	0.3745761	0.2577788	0.2584020	0.0197337	0.0400047	0.1070177	0.3106418	0.2622701	0.0289984	0.1293143	0.1495245	0.0492464	0.1784816	0.3699124	0.4177273	0.0164505	0.0947506	0.4845251	0.0322089	0.7484687	0.1805084	0.4254775	0.0258470
50	0.0741694	0.7207449	0.0549511	0.6737958	0.3838439	0.6953419	0.3413605	0.0145074	0.3007730	0.2153197	0.2816936	0.2735784	0.0609417	0.0846299	0.3200972	0.0643733	0.0778623	0.3090369	0.1007825	0.3986059	0.0096356	0.0256635	0.1313317	0.2194785	0.3630892	0.0335667	0.1432741	0.2201149	0.0389432	0.0883814	0.2208155	0.3679155	0.0132849	0.3927421	0.5014708	0.0562737	0.6887889	0.2114875	0.5753806	0.0025286
100	0.0479008	0.6194823	0.0601418	0.6807056	0.3116701	0.7161213	0.4318372	0.0288550	0.3644497	0.2525135	0.3023740	0.4288911	0.0847594	0.0553117	0.3211081	0.1217849	0.1818199	0.2690572	0.0747136	0.5754905	0.0022348	0.0428177	0.0925325	0.2750341	0.3247404	0.0331603	0.1953861	0.2557243	0.0426323	0.1765866	0.1958177	0.3452082	0.0094539	0.5283650	0.5942709	0.0703856	0.7921625	0.1204368	0.7414459	0.0146086
150	0.0155274	0.6729473	0.0609262	0.6845072	0.2428929	0.6755915	0.5281539	0.0172354	0.3503371	0.2098596	0.4008248	0.5614264	0.1874389	0.1109688	0.3415552	0.0707360	0.2296488	0.3826448	0.0774399	0.5701129	0.0127173	0.0413661	0.1011486	0.2840157	0.3445288	0.0188239	0.1712147	0.3069192	0.0463967	0.1588896	0.1609015	0.3838050	0.0210749	0.6856076	0.5529899	0.0339049	0.6665715	0.1162665	0.6592052	0.0034294
200	0.0026677	0.7742625	0.0638648	0.6212712	0.2493188	0.5728243	0.6108028	0.0148549	0.3735361	0.3045238	0.3902993	0.6601228	0.1456666	0.1772971	0.3708500	0.0555622	0.2857370	0.4335465	0.0824032	0.6219987	0.0114417	0.0465302	0.0692081	0.2592115	0.5002407	0.0410642	0.1812548	0.3736643	0.0751390	0.1134270	0.2013792	0.3488474	0.0081441	0.6443054	0.4880445	0.0343953	0.6691531	0.1616975	0.5982019	0.0186057
250	0.0005899	0.6171100	0.0379775	0.6256172	0.2536154	0.7218461	0.5537438	0.0207085	0.5356189	0.2552525	0.3403993	0.6887727	0.2422961	0.1328701	0.4459166	0.0909746	0.4792604	0.4244721	0.1056985	0.6144663	0.0124642	0.0433793	0.0698114	0.2644792	0.4396388	0.0207430	0.1911477	0.5909074	0.0642506	0.1368666	0.1324589	0.4599864	0.0019793	0.6050514	0.6268773	0.0533956	0.7554685	0.2123225	0.6514972	0.0013039
300	0.0002493	0.6503360	0.0743754	0.6523359	0.2430071	0.6928016	0.5528422	0.0214426	0.4403662	0.2067051	0.4495350	0.6875502	0.2245276	0.0780861	0.2564077	0.0827010	0.4575900	0.4075185	0.1342547	0.6257792	0.0380754	0.0347953	0.0501711	0.3025003	0.4348976	0.0265291	0.1429416	0.6417475	0.1199137	0.1189495	0.1421619	0.4184431	0.0092031	0.7876648	0.5124664	0.0731488	0.6811811	0.1067301	0.6522589	0.0020859
350	0.0016065	0.6404076	0.0759771	0.7272662	0.2443856	0.6024005	0.5611961	0.0238935	0.3893666	0.2055464	0.4791084	0.6381954	0.2896385	0.1416854	0.4405434	0.0910963	0.4870114	0.3734008	0.0933136	0.5863266	0.0450718	0.0133892	0.0522471	0.2372027	0.4845477	0.0303142	0.0957636	0.5016749	0.1459423	0.1127172	0.1768473	0.4111021	0.0054362	0.6631381	0.4986459	0.0867950	0.6824877	0.1566881	0.6577931	0.0270944
400	0.0104228	0.7775900	0.0598964	0.6992313	0.1566105	0.6200782	0.6428997	0.0355742	0.5285947	0.2238623	0.4433382	0.5964360	0.2713347	0.1760965	0.4342767	0.1080889	0.5271430	0.3866296	0.1762892	0.6951611	0.0468328	0.0275837	0.0681913	0.2356710	0.5243859	0.0137590	0.1417293	0.5480897	0.1136638	0.1207193	0.2049379	0.3485326	0.0051218	0.7417467	0.5452488	0.0603250	0.7106490	0.0822306	0.6641413	0.0305570
450	0.0044459	0.7342767	0.1078733	0.7867013	0.2536932	0.5965990	0.6296587	0.0215857	0.4211686	0.2289626	0.4727461	0.5859974	0.2554152	0.1686397	0.3811583	0.0974116	0.4896891	0.4293004	0.0770724	0.6939589	0.0194841	0.0303409	0.0995587	0.2642353	0.6661859	0.0295336	0.1007853	0.5262435	0.0851090	0.1685742	0.2446087	0.3496743	0.0208180	0.7287773	0.6730907	0.0467912	0.6602917	0.1599622	0.6810780	0.0145515
500	0.0002353	0.6238119	0.0983130	0.8061529	0.2288101	0.6088641	0.6853502	0.0421669	0.5488765	0.1869580	0.3314039	0.6238704	0.2414548	0.1386211	0.3954775	0.0822180	0.4123579	0.3363200	0.0846848	0.6166106	0.0443616	0.0451582	0.0844751	0.2839302	0.5069006	0.0207641	0.1074136	0.5252701	0.1441114	0.1161912	0.1529891	0.4576851	0.0276214	0.6611987	0.5826330	0.0589960	0.6927771	0.1699579	0.7229153	0.0166040
550	0.1916225	0.6529704	0.1058451	0.6259480	0.5103305	0.7477663	0.4739934	0.0191316	0.4014790	0.2413150	0.5092030	0.6502337	0.4460210	0.1333042	0.3533897	0.0843869	0.3724415	0.3507939	0.5160378	0.6533431	0.0812623	0.0366238	0.1009679	0.2880438	0.4571426	0.0218063	0.1071916	0.4295840	0.1197486	0.1141535	0.2205127	0.4478285	0.0306379	0.6582549	0.5559763	0.0738979	0.6975238	0.1390648	0.5524878	0.0041612
600	0.3069370	0.7394088	0.1062705	0.6491344	0.6397765	0.5657613	0.4856107	0.0183828	0.4830230	0.2419966	0.5338663	0.4627577	0.2131264	0.0852277	0.3075912	0.0626739	0.1472529	0.2764373	0.3990277	0.4316805	0.0361151	0.0391791	0.1154465	0.2211942	0.2684677	0.0275067	0.1417014	0.2149385	0.1352789	0.0890326	0.3012948	0.2706746	0.0132977	0.5562303	0.5985512	0.0437102	0.6319430	0.1316036	0.5498929	0.0123516
650	0.2644065	0.6318663	0.0425788	0.6478225	0.7555318	0.7516587	0.2502400	0.0196992	0.3400264	0.1892224	0.3650407	0.2007677	0.1195408	0.1018951	0.3426687	0.0936243	0.1251651	0.3285801	0.2845597	0.4042507	0.0496586	0.0387453	0.1052015	0.2702962	0.3081788	0.0415018	0.1771332	0.1520952	0.0678764	0.1347856	0.2812461	0.4063484	0.0207621	0.3658652	0.5584251	0.0764198	0.6859638	0.1677558	0.5052604	0.0044381
700	0.3047221	0.6607082	0.0390612	0.7683239	0.5981013	0.6517807	0.2980198	0.0180723	0.3598748	0.1531894	0.3984989	0.1839287	0.1150248	0.0902152	0.3556463	0.0681881	0.0570171	0.3269542	0.2805450	0.2595572	0.0563023	0.0442823	0.0963868	0.2822345	0.3138007	0.0121817	0.1068374	0.1569495	0.0713072	0.0954710	0.2846427	0.3795493	0.0667034	0.1535098	0.4214834	0.0541205	0.6855519	0.1192497	0.4685260	0.0113785
750	0.2317696	0.7129551	0.0290713	0.7371073	0.6764451	0.7836681	0.2573341	0.0179477	0.3552061	0.2273471	0.4204200	0.1797602	0.0838238	0.1005087	0.3700468	0.0484322	0.0868742	0.4186887	0.3148372	0.3714803	0.0669030	0.0290288	0.0749302	0.2722490	0.3844914	0.0453233	0.0949073	0.1248107	0.0518385	0.1437152	0.3581964	0.3927066	0.0581539	0.1983696	0.6224157	0.0483959	0.7534120	0.1679758	0.4521162	0.0257623
800	0.2855785	0.6273127	0.0687004	0.6472836	0.6890426	0.5103596	0.2750053	0.0282544	0.2867154	0.2752161	0.3185173	0.1647095	0.1026989	0.0829262	0.3366693	0.0723149	0.0918345	0.3876746	0.3697383	0.2612875	0.1087839	0.0476521	0.0744600	0.2855100	0.2319193	0.0297339	0.1604480	0.1446871	0.0266687	0.0910301	0.3037046	0.4338555	0.0349943	0.1262869	0.3908369	0.0457641	0.6026464	0.1467364	0.4009348	0.0104949
850	0.2870795	0.6993054	0.0305032	0.5874760	0.7214185	0.6978796	0.2406693	0.0133382	0.2875630	0.1941322	0.3137347	0.1539362	0.0697917	0.1240434	0.2929308	0.0992899	0.0487870	0.2556011	0.3040312	0.2191168	0.0402457	0.0445747	0.0835384	0.2800946	0.3391346	0.0439405	0.1282323	0.1874361	0.0571728	0.0946992	0.2349533	0.4400240	0.0469075	0.1102716	0.4648265	0.0415109	0.6167072	0.2035992	0.4418027	0.0053286
900	0.3137093	0.7301047	0.0420505	0.7373166	0.7668671	0.7958544	0.3790362	0.0156094	0.3090949	0.2900002	0.3087430	0.1357449	0.0639891	0.0561557	0.2645469	0.0795748	0.0640134	0.2523188	0.2703481	0.2746168	0.0460446	0.0140585	0.0821194	0.2339618	0.3243994	0.0246172	0.1092481	0.1612960	0.0554470	0.1190848	0.2264705	0.2621501	0.0204256	0.1372306	0.4991829	0.0830216	0.6958415	0.1317029	0.3445564	0.0015994
950	0.3156702	0.5819566	0.0499028	0.5743993	0.7960899	0.6118935	0.2632626	0.0245094	0.2517180	0.2041704	0.3202987	0.1456133	0.0846164	0.0843490	0.2626934	0.0987514	0.0732785	0.2782102	0.2548496	0.3584637	0.0525276	0.0133577	0.0731756	0.2240067	0.1975960	0.0188061	0.1301529	0.1630744	0.0596091	0.0871250	0.2658235	0.2634268	0.0187509	0.1136761	0.5173829	0.0470739	0.6108284	0.1595851	0.3712947	0.0197044
1000	0.2002791	0.6629002	0.0138152	0.7005422	0.6878572	0.7983109	0.2856986	0.0165514	0.2630056	0.1688831	0.3374264	0.1168943	0.0697313	0.1352546	0.2733420	0.0515962	0.0819504	0.3139851	0.3092976	0.3165690	0.0603372	0.0237230	0.1140488	0.2281471	0.2632793	0.0175322	0.0836721	0.1544192	0.0342009	0.1093999	0.2786126	0.3867570	0.0475173	0.1180032	0.5549959	0.1053558	0.6942043	0.1556167	0.4287428	0.0104778

0	0.3007016	0.8639043	0.0303679	0.7891107	0.7060061	0.7599998	0.3166147	0.0309521	0.2295645	0.2083760	0.3390027	0.2183500	0.1044668	0.0628576	0.4579498	0.1256450	0.0964059	0.4211258	0.3927463	0.2530523	0.0406843	0.0503561	0.1141865	0.2571765	0.3231208	0.0200330	0.1479293	0.1699439	0.0392088	0.1476766	0.3282105	0.4790120	0.0465541	0.1002025	0.3645209	0.0663631	0.6766506	0.1119586	0.4611797	0.0092674
50	0.1560519	0.7161680	0.0294266	0.7420804	0.6458842	0.6587312	0.2547610	0.0029287	0.2877669	0.1603909	0.3384024	0.1111912	0.0695554	0.0111390	0.3356087	0.0197260	0.0916554	0.3900537	0.2324381	0.2903675	0.0100972	0.0326224	0.0243696	0.0537594	0.0951585	0.0207042	0.0702807	0.0834751	0.0328203	0.0480041	0.2225063	0.3490091	0.0366372	0.1216800	0.6351812	0.1266002	0.7586070	0.1352872	0.3405421	0.1052071
100	0.1972155	0.5939842	0.0567784	0.6581750	0.7247981	0.5927132	0.2449555	0.0000000	0.3572929	0.2625800	0.3476596	0.1890430	0.0989390	0.0072697	0.3255115	0.0104652	0.0839422	0.2570036	0.2826112	0.2146099	0.0000000	0.0357868	0.0213957	0.0449572	0.0191480	0.0305909	0.1213558	0.0273091	0.0265831	0.0168085	0.3216903	0.3474718	0.0411484	0.1175360	0.5062349	0.1254518	0.6580935	0.1558093	0.2832824	0.1261267
150	0.1864216	0.6820203	0.0688403	0.8284527	0.5881292	0.5839004	0.4536304	0.0000000	0.2903303	0.2611723	0.3964921	0.1680520	0.0870718	0.0016180	0.3474828	0.0065817	0.0760501	0.4362918	0.2844807	0.3154112	0.0005890	0.0364346	0.0457762	0.0822303	0.0250922	0.0294607	0.1305891	0.0169799	0.0575824	0.0208652	0.2424683	0.4581475	0.0474080	0.1384019	0.4704173	0.1255526	0.7617665	0.1753728	0.2579272	0.1245791
200	0.1892720	0.5953975	0.0358688	0.8064712	0.6350212	0.7226722	0.2700719	0.0015891	0.3012830	0.2494324	0.3354224	0.1405457	0.0994191	0.0017735	0.3383462	0.0037053	0.0609281	0.3084937	0.2274255	0.3144433	0.0005971	0.0330123	0.0355000	0.0664290	0.0292025	0.0307328	0.1000856	0.0089895	0.0206876	0.0053596	0.2532251	0.4441652	0.0245773	0.1215709	0.4976782	0.1646588	0.6673443	0.1536621	0.2633593	0.1861044
250	0.1699144	0.7193216	0.0669395	0.7064856	0.7524120	0.6242184	0.2075267	0.0002991	0.2886575	0.2214882	0.3097998	0.1673226	0.1196806	0.0001602	0.3422862	0.0109368	0.0768234	0.3891914	0.2980248	0.2567161	0.0012498	0.0436668	0.0215812	0.0500670	0.0117830	0.0215550	0.1809019	0.0051711	0.0299968	0.0162556	0.2353416	0.3460461	0.0162019	0.1091028	0.5907975	0.1637535	0.6907268	0.1648706	0.3311124	0.1973994
300	0.1424270	0.6338235	0.0772552	0.6377999	0.6106495	0.6746975	0.2967356	0.0010083	0.3082836	0.1660034	0.2940062	0.1509814	0.0511974	0.0000000	0.3719148	0.0054165	0.0543561	0.3501004	0.3030088	0.2871951	0.0006031	0.0339690	0.0325377	0.0557167	0.0083839	0.0331940	0.2091698	0.0070590	0.0329315	0.0102350	0.2239811	0.3782248	0.0413966	0.0975025	0.4951636	0.2157598	0.7869671	0.1039953	0.2883458	0.2111576
350	0.1179474	0.6643205	0.0335353	0.6172304	0.7086746	0.7447610	0.3213227	0.0009350	0.2215687	0.2302420	0.3475748	0.1612229	0.0688830	0.0022412	0.3065415	0.0073564	0.0424420	0.3214851	0.2787319	0.2896976	0.0023720	0.0082571	0.0432483	0.0756588	0.0095089	0.0264428	0.0911546	0.0038945	0.0224105	0.0095063	0.2017768	0.3110957	0.0164405	0.1597734	0.5313496	0.1972754	0.6118844	0.1307678	0.2634670	0.1333689
400	0.1548513	0.6719417	0.0257822	0.7454017	0.7026074	0.5710585	0.1836289	0.0020821	0.3415014	0.2303609	0.2304450	0.1406868	0.0710829	0.0004149	0.3778558	0.0238254	0.0436650	0.2923810	0.2707844	0.2347341	0.0010741	0.0460563	0.0605773	0.0786120	0.0121605	0.0235689	0.2005889	0.0018815	0.0291990	0.0000000	0.2997165	0.4236960	0.0179654	0.1300263	0.5193515	0.2099383	0.6605520	0.1098063	0.2637098	0.1188020
450	0.1868807	0.6342228	0.0454132	0.7223676	0.6906938	0.6693634	0.2560317	0.0000153	0.2860496	0.2018705	0.2992265	0.1663931	0.0978792	0.0028558	0.2165173	0.0045541	0.0796746	0.3181734	0.3486995	0.2986391	0.0019135	0.0274985	0.0268008	0.0637378	0.0178991	0.0146713	0.1024001	0.0065081	0.0296309	0.0024766	0.2347731	0.3579327	0.0285353	0.1425185	0.5820065	0.1292626	0.7026139	0.1898438	0.2638869	0.1513324
500	0.0964877	0.6390030	0.0490490	0.6701181	0.7018105	0.5213246	0.2853693	0.0000102	0.2884501	0.2712539	0.3217576	0.1632499	0.1009991	0.0037301	0.2876226	0.0171147	0.0477680	0.4111553	0.2062334	0.2450073	0.0013430	0.0481209	0.0221588	0.0876005	0.0158980	0.0419515	0.0928474	0.0177370	0.0387882	0.0096660	0.3520933	0.3719228	0.0189631	0.2218553	0.5312706	0.1400004	0.6073788	0.0925947	0.2507768	0.1659670
550	0.2062279	0.7533305	0.0755998	0.6363829	0.6728631	0.6532840	0.2832519	0.0128452	0.2505074	0.2067292	0.2902332	0.1253562	0.0774875	0.0459517	0.3948137	0.0638769	0.0638796	0.4789706	0.2528850	0.2982866	0.0603279	0.0552894	0.1053203	0.2693133	0.1854457	0.0200112	0.1647296	0.1056988	0.0247342	0.1148613	0.2643022	0.3289182	0.0419943	0.1310928	0.4288850	0.0739037	0.6532847	0.1878337	0.3426988	0.0460081
600	0.2499212	0.6463834	0.0419361	0.6817143	0.6461477	0.6434214	0.2414580	0.0140555	0.2525174	0.2090643	0.2706589	0.1721958	0.0583944	0.0602585	0.2810053	0.0744626	0.0623869	0.3135947	0.2074832	0.2795493	0.0531308	0.0360835	0.0532358	0.2170636	0.2087305	0.0905990	0.2216511	0.1487746	0.0526484	0.1166471	0.2565537	0.3999938	0.0374064	0.0488127	0.5690002	0.0695239	0.6247332	0.1977085	0.4440433	0.0199331
650	0.3089627	0.7160262	0.0325396	0.7386307	0.7401764	0.6687564	0.2728246	0.0160152	0.3288463	0.2025158	0.2801647	0.1768200	0.0826307	0.1111963	0.3332540	0.0721629	0.0353769	0.3543478	0.2453583	0.2322743	0.0877997	0.0252349	0.0467189	0.1590420	0.2138646	0.0549571	0.0896631	0.1556582	0.0686982	0.1265903	0.2345922	0.3849825	0.0282278	0.1122827	0.5084950	0.0681152	0.6497221	0.1623386	0.4516626	0.0093654
700	0.2559843	0.8581372	0.0471589	0.6984283	0.6693550	0.5971356	0.3879879	0.0309653	0.3130341	0.2403463	0.2587725	0.1602342	0.1386108	0.0734170	0.3469413	0.0676515	0.0906641	0.2710688	0.3214409	0.3622231	0.0327670	0.0123454	0.0684385	0.1798342	0.3139291	0.0233910	0.1463914	0.1332780	0.0507180	0.1484888	0.1871878	0.4282850	0.0382349	0.1684736	0.4271940	0.0656237	0.5769436	0.2192049	0.3918808	0.0208672
750	0.2990869	0.7625196	0.0368883	0.7518427	0.6683703	0.6778710	0.2885948	0.0084140	0.2922800	0.1922925	0.2904680	0.1569049	0.0795022	0.0565689	0.3507251	0.0932196	0.0588755	0.3648427	0.2962357	0.4320041	0.0431595	0.0180324	0.0872344	0.1964902	0.2771906	0.0425999	0.1102850	0.1954213	0.0575890	0.1505900	0.2687765	0.3597639	0.0272664	0.1425797	0.5602893	0.0545608	0.6218477	0.1373024	0.5785004	0.0055447
800	0.3136438	0.6142480	0.0333664	0.6530220	0.5591717	0.5636522	0.2833381	0.0132985	0.3940461	0.1753536	0.3340398	0.1661928	0.0757437	0.1039963	0.4465839	0.0959129	0.0751081	0.3419182	0.3194552	0.2987889	0.0442655	0.0557976	0.0994666	0.2435865	0.2393184	0.0237477	0.1302066	0.2021290	0.0326436	0.1229640	0.2592383	0.4475777	0.0243894	0.1417969	0.5210316	0.0503397	0.6540268	0.1035564	0.4463674	0.0062623
850	0.2278281	0.6597911	0.0284215	0.6925080	0.6004745	0.7035738	0.3177916	0.0423656	0.2197829	0.1875869	0.4273326	0.1459310	0.0702292	0.0566630	0.3523184	0.0823683	0.0537388	0.3962804	0.2649013	0.2918215	0.0664062	0.0382599	0.1528382	0.2535347	0.3079036	0.0407995	0.1009917	0.1676967	0.0357795	0.1662171	0.2684483	0.4274015	0.0411744	0.1845350	0.5044505	0.0413788	0.4745328	0.1251550	0.4085065	0.0026825
900	0.2767450	0.6908040	0.0445693	0.6673141	0.8156976	0.7178763	0.2598328	0.0274066	0.2374175	0.1891336	0.2701829	0.2273244	0.0865734	0.0823312	0.2641922	0.0447211	0.0576936	0.4153337	0.3008746	0.3117005	0.0385221	0.0233762	0.0874793	0.2269158	0.2902454	0.0133371	0.1393560	0.1152073	0.0467934	0.1240787	0.2887484	0.3897737	0.0475262	0.1296790	0.4934674	0.0651401	0.6861365	0.1354556	0.4949678	0.0130051
950	0.3190334	0.7273144	0.0298801	0.6890528	0.6183069	0.5992662	0.3667365	0.0093664	0.2629487	0.1963676	0.2907870	0.1454890	0.1080256	0.0836351	0.2283812	0.0953483	0.0316970	0.2973526	0.3062008	0.3092262	0.0640444	0.0321016	0.0952734	0.2104700	0.3101179	0.0297056	0.1054851	0.1978513	0.0434979	0.1236974	0.2784750	0.4239728	0.0244649	0.1330981	0.4691578	0.0662390	0.7272030	0.1190508	0.4121663	0.0107869
1000	0.3181163	0.5457287	0.0228536	0.7918232	0.6228239	0.8275668	0.2701977	0.0457741	0.2561477	0.1501604	0.3447640	0.1795994	0.0751471	0.1237590	0.3100007	0.0698191	0.0515644	0.2925758	0.2994492	0.3761281	0.0488111	0.0129578	0.0690099	0.2021352	0.3135647	0.0291674	0.1074224	0.1810279	0.0275783	0.0937909	0.2608887	0.3734689	0.0630824	0.1763954	0.4392771	0.0803569	0.6667637	0.1402963	0.5036949	0.0159489

0	0.2701924	0.8031287	0.0605560	0.7901752	0.5697027	0.6268047	0.2442491	0.0223197	0.2721646	0.1718076	0.3177080	0.1251137	0.1159852	0.0744795	0.3652875	0.1049131	0.1455248	0.3251767	0.2651501	0.2413434	0.0377691	0.0401821	0.1056774	0.3478145	0.3327079	0.0409951	0.1229172	0.1726441	0.0609082	0.1058993	0.2964441	0.3998460	0.0128585	0.1677483	0.4307580	0.0314490	0.6879050	0.1471970	0.5010964	0.0098420
50	0.2766940	0.7038083	0.0390139	0.6955573	0.6191331	0.6611549	0.2297573	0.0326608	0.2679645	0.2571742	0.3430654	0.1275581	0.1138238	0.0733448	0.2939806	0.0833983	0.0432452	0.3707307	0.2981782	0.3317989	0.0073119	0.0513225	0.0499610	0.2134237	0.2644858	0.0406446	0.0770941	0.1652984	0.0802593	0.0725627	0.3455262	0.4556616	0.0144293	0.1451017	0.4781264	0.0539428	0.6884257	0.1721911	0.5501856	0.0078464
100	0.2415351	0.5449255	0.0478654	0.6452386	0.7674074	0.6629882	0.2429777	0.0260984	0.3274174	0.1083359	0.3223045	0.0563775	0.1116598	0.1056939	0.3372766	0.1079711	0.0299512	0.3215178	0.3335342	0.2820981	0.0022302	0.0400277	0.0256275	0.3058382	0.2652530	0.0147381	0.1444810	0.2333246	0.0593977	0.0954952	0.3217740	0.2807793	0.0177423	0.2775685	0.5542557	0.0491093	0.6683612	0.2104242	0.5433709	0.0051145
150	0.3332563	0.7089387	0.0322344	0.7307410	0.7287949	0.6880052	0.2488351	0.0106144	0.2335440	0.2784166	0.3737291	0.1095640	0.1108244	0.0932897	0.3374150	0.0838105	0.0797583	0.3952586	0.3265851	0.3100818	0.0000299	0.0399255	0.0182628	0.2177831	0.3341877	0.0269027	0.1386366	0.1895642	0.0266610	0.0451240	0.3163908	0.3944301	0.0259520	0.1600788	0.5387053	0.0412045	0.6003347	0.1842086	0.5496368	0.0109632
200	0.3333192	0.7801468	0.0354417	0.6798619	0.6545108	0.7188527	0.2509932	0.0166521	0.2198051	0.1773225	0.3155287	0.1091057	0.0786927	0.1063055	0.3487241	0.1093845	0.0218228	0.3641731	0.3537851	0.2500075	0.0019512	0.0280369	0.0552605	0.1993463	0.2935022	0.0315457	0.0966116	0.1641652	0.0387220	0.0546459	0.3595210	0.3066256	0.0272416	0.1466587	0.5902880	0.0405666	0.9719579	0.1061929	0.3696693	0.0075701
250	0.2782296	0.6956915	0.0688105	0.6771179	0.6700002	0.7110266	0.2764409	0.0065679	0.2822860	0.1686548	0.3360090	0.1143057	0.1054273	0.0778731	0.3563300	0.1256856	0.0221124	0.2049947	0.2684326	0.2928443	0.0020583	0.0478902	0.0202642	0.2038542	0.2579058	0.0428439	0.1127784	0.1823645	0.0527959	0.0744900	0.2547528	0.3337004	0.0143985	0.1478458	0.4907966	0.0630124	0.6764105	0.1467568	0.5727021	0.0077520
300	0.2607975	0.6704394	0.0972017	0.5789438	0.7265511	0.7145362	0.2592854	0.0156079	0.2678178	0.1941772	0.3364662	0.1313556	0.0732598	0.0526459	0.3322211	0.0701288	0.0349958	0.2846136	0.3105651	0.3622365	0.0037326	0.0316521	0.0137081	0.1717488	0.2573061	0.0227244	0.1301594	0.1894556	0.0551025	0.0390831	0.2782310	0.3378831	0.0450369	0.2316151	0.4442854	0.0289414	0.6809170	0.1410815	0.4159698	0.0019926
350	0.2962346	0.6419498	0.0382024	0.6710175	0.8180338	0.6698735	0.2268467	0.0391275	0.2381831	0.1998971	0.3313234	0.0697750	0.0753088	0.0432242	0.4388384	0.0876403	0.0210635	0.2996360	0.2983590	0.3570335	0.0003679	0.0156140	0.0566160	0.2288751	0.3260799	0.0350363	0.0992016	0.1534385	0.0609174	0.0562843	0.2660300	0.3390580	0.0141796	0.1999622	0.4894151	0.0448974	0.6991530	0.1741253	0.4740798	0.0091957
400	0.3286183	0.7365580	0.0368140	0.6950887	0.6759737	0.7270342	0.3104005	0.0191066	0.3143259	0.2367169	0.3043848	0.0839873	0.0763358	0.0877909	0.3335686	0.0788183	0.0272476	0.4348440	0.2830068	0.3538715	0.0005903	0.0217961	0.0382149	0.2519199	0.3028594	0.0292032	0.0982213	0.1598004	0.0233675	0.0516866	0.2631689	0.4691918	0.0183708	0.1702655	0.5981139	0.0563372	0.6770204	0.1371408	0.4761758	0.0283991
450	0.2842085	0.7435081	0.0323601	0.5183756	0.7336295	0.6419164	0.2602670	0.0216685	0.3588565	0.2170552	0.3166883	0.0966235	0.1104782	0.0894220	0.4219340	0.0652298	0.0323457	0.3051555	0.3135100	0.3551828	0.0041586	0.0322464	0.0403337	0.2588546	0.2704047	0.0455301	0.1585547	0.1190061	0.0331405	0.0838065	0.2791934	0.3410182	0.0361945	0.1646385	0.4417156	0.0917611	0.6136001	0.1983184	0.4787842	0.0291160
500	0.2563867	0.6262417	0.0241618	0.6939606	0.6992434	0.7226166	0.1810548	0.0089479	0.2610949	0.2236941	0.3037634	0.0750939	0.0675778	0.0759170	0.3659480	0.0758725	0.0292825	0.3031039	0.2795136	0.3137012	0.0001401	0.0265626	0.0212030	0.2639445	0.2512554	0.0422827	0.0846239	0.1436952	0.0469999	0.0464087	0.2921664	0.3488349	0.0192047	0.0982231	0.6217411	0.0411894	0.6577753	0.1409777	0.4772604	0.0078670
550	0.2704255	0.6620262	0.0350789	0.7239016	0.7995602	0.7204179	0.2655287	0.0090335	0.3233156	0.2081551	0.4049914	0.1472613	0.1069580	0.1011391	0.4020930	0.1366893	0.0609083	0.3275405	0.3346597	0.3279418	0.0717365	0.0283684	0.0778617	0.2414128	0.2622696	0.0377409	0.1462193	0.1666971	0.0446207	0.1047184	0.3287038	0.3383711	0.0458832	0.1413911	0.5956365	0.0231036	0.5849578	0.1605540	0.5335249	0.0165328
600	0.2713731	0.6513518	0.0379578	0.6865390	0.7165164	0.6734650	0.2662740	0.0204497	0.2266180	0.2143855	0.3464882	0.1440218	0.0776759	0.0584605	0.2782347	0.0915914	0.1055365	0.4071449	0.2600580	0.3440517	0.0527786	0.0335681	0.0992831	0.2594340	0.2984536	0.1149167	0.1791025	0.1048076	0.0216321	0.1650731	0.3162304	0.3184611	0.0181124	0.1203667	0.5002634	0.0389317	0.6062301	0.1482155	0.5357810	0.0128253
650	0.3659305	0.6324041	0.0289865	0.7995892	0.7251434	0.6209864	0.2973445	0.0206090	0.2893515	0.1604611	0.3591576	0.2674442	0.1051292	0.0521364	0.4038067	0.0704576	0.1072117	0.4636107	0.2607924	0.2715004	0.0726928	0.0570740	0.0543953	0.2782478	0.3082459	0.0609789	0.0923461	0.1445952	0.1028978	0.1165814	0.3216496	0.4768905	0.0220179	0.1512940	0.4826247	0.0780851	0.6862941	0.1365529	0.4879570	0.0136601
700	0.3056519	0.5892049	0.0164375	0.8315406	0.5990706	0.5617565	0.2430042	0.0400539	0.3576154	0.1309676	0.4230270	0.1451409	0.1271844	0.0886415	0.4556926	0.0907662	0.0786588	0.3569383	0.2475246	0.3484435	0.1031461	0.0679280	0.1357889	0.2868661	0.2729184	0.0311855	0.1331132	0.1331111	0.0772241	0.1326414	0.3322407	0.4880058	0.0173384	0.1645780	0.5246426	0.0440942	0.7868245	0.1567463	0.4129199	0.0154587
750	0.2105906	0.6967078	0.0236140	0.7193745	0.6922790	0.8623312	0.2838981	0.0300084	0.3795456	0.2020475	0.3163028	0.2648158	0.1344462	0.0620568	0.3663681	0.1012656	0.0805101	0.3340628	0.3179222	0.2937250	0.0557583	0.0350424	0.1064660	0.2547156	0.2563778	0.0298494	0.1209269	0.1918721	0.0814119	0.0841509	0.3103583	0.4102668	0.0385403	0.1726327	0.4180258	0.0646359	0.8233288	0.1238238	0.3335059	0.0127572
800	0.3141007	0.6325057	0.0315886	0.7277759	0.7690431	0.6671631	0.2170990	0.0076412	0.2242406	0.2129248	0.2765785	0.1539838	0.0621748	0.0846034	0.3583769	0.0779706	0.0728906	0.3575696	0.2107210	0.2555160	0.0918107	0.0200455	0.0820923	0.2121097	0.2931724	0.0166924	0.1533496	0.1339151	0.0420531	0.1620792	0.2878753	0.4248647	0.0257214	0.1184817	0.5310669	0.0773975	0.7672144	0.0937396	0.3649260	0.0181757
850	0.2930999	0.7377309	0.0288638	0.6512672	0.6571112	0.7460746	0.2602043	0.0207319	0.2100867	0.1884730	0.2591512	0.1351062	0.0753018	0.0936587	0.3838175	0.0530689	0.0517389	0.2540702	0.2108515	0.3094950	0.0656070	0.0409911	0.0933425	0.2181869	0.2826904	0.0273790	0.1167983	0.1444253	0.0291778	0.1317060	0.3092710	0.4339930	0.0267775	0.1390993	0.4791713	0.0521686	0.7037421	0.1658645	0.4002519	0.0250580
900	0.2715820	0.7577406	0.0490373	0.6695765	0.6627901	0.7958101	0.2547578	0.0169216	0.3639893	0.1917408	0.3388964	0.1682429	0.1048079	0.0749990	0.3109041	0.0509313	0.0507928	0.2382218	0.2816126	0.3357117	0.0655101	0.0162746	0.0762763	0.2685369	0.2700174	0.0287621	0.1438825	0.1831799	0.0382624	0.1182011	0.3041282	0.3393838	0.0204426	0.2733511	0.4180137	0.0725025	0.6857044	0.1469348	0.4211626	0.0080326
950	0.3670998	0.7517244	0.0511172	0.7701057	0.6753353	0.6853001	0.2803209	0.0178495	0.3482184	0.1918697	0.3521067	0.2622004	0.0890886	0.0692095	0.3119549	0.0650832	0.0469488	0.2647476	0.2477931	0.3469797	0.0821894	0.0376600	0.0851395	0.2151885	0.2972432	0.0477719	0.1675843	0.1432869	0.0417460	0.1538392	0.2704793	0.3812492	0.0295683	0.1511479	0.5422208	0.0610694	0.6715403	0.2273764	0.4189506	0.0019225
1000	0.2290749	0.5822158	0.0371000	0.6965112	0.8077242	0.5446468	0.2129518	0.0233739	0.2723657	0.1985085	0.3359148	0.1374124	0.1049248	0.1058509	0.3130629	0.0740260	0.1078010	0.2460245	0.2479162	0.3012014	0.0396373	0.0404634	0.0831581	0.2178597	0.2680953	0.0445904	0.1095047	0.1643598	0.0460801	0.1008816	0.3727881	0.3840733	0.0285789	0.1358447	0.4460032	0.0670078	0.5826972	0.1155665	0.4492262	0.0026890

0	0.2832629	0.7619017	0.0456939	0.8032073	0.6616138	0.7119731	0.2221960	0.0200171	0.2504786	0.2020970	0.3529580	0.1758120	0.0843958	0.0762903	0.3616827	0.0927627	0.1125840	0.3814855	0.2803247	0.2737658	0.0300436	0.0289858	0.0706892	0.2735382	0.2507977	0.0184359	0.1369102	0.1539258	0.0295065	0.1429617	0.3637851	0.4161294	0.0399130	0.1429542	0.4273785	0.0416634	0.6138361	0.1724576	0.4736263	0.0125659
50	0.0689945	0.7492941	0.0139281	0.3091324	0.7540413	0.1940877	0.1775484	0.0206987	0.1566861	0.1345058	0.2819478	0.0813466	0.0758076	0.0707494	0.1884665	0.0708413	0.0319617	0.3585442	0.2968904	0.2449325	0.0493712	0.0770779	0.1367110	0.3259622	0.1725981	0.0608188	0.2089625	0.0502552	0.0170427	0.0334932	0.4067806	0.5877532	0.0355591	0.1479043	0.5183512	0.1015490	0.6640264	0.1595943	0.5285723	0.2471269
100	0.0420081	0.6727237	0.0535273	0.2212267	0.6911258	0.0635437	0.1166287	0.0148032	0.0603680	0.1062588	0.2568516	0.0426581	0.0655629	0.0752220	0.2071895	0.2493828	0.0479852	0.5000719	0.2379163	0.3251542	0.0461877	0.3922774	0.2894405	0.3815180	0.0819781	0.0506691	0.2851950	0.0140227	0.0169510	0.0534973	0.5979255	0.5883137	0.0354954	0.1219719	0.5749325	0.0501209	0.6450073	0.1441204	0.5759872	0.4544066
150	0.0711995	0.6209733	0.0662011	0.1805802	0.6330195	0.0281048	0.1692709	0.0160549	0.0285161	0.2290106	0.3011841	0.0409184	0.0568687	0.0629879	0.2847900	0.5214884	0.0243442	0.5811325	0.3154048	0.2882278	0.0728381	0.5941441	0.5843891	0.6883190	0.1002435	0.0669385	0.6056839	0.0171503	0.0186033	0.1055032	0.7795487	0.6839918	0.1802346	0.1410243	0.5871490	0.0431360	0.7592855	0.2241813	0.6299975	0.4506749
200	0.0974594	0.7313796	0.1394010	0.1643088	0.7827459	0.0135788	0.1068952	0.0199243	0.0301693	0.1812733	0.1901719	0.0349408	0.1184228	0.0746434	0.2812102	0.6413522	0.0311034	0.7146573	0.3206003	0.3524946	0.0458988	0.5406129	0.5871829	0.6853065	0.0754906	0.2040190	0.5079197	0.0165903	0.0019590	0.1214570	0.7745892	0.7174999	0.3717411	0.1474353	0.6062185	0.0376116	0.6249337	0.3714271	0.6474682	0.4453536
250	0.1729858	0.6817687	0.3026677	0.1471398	0.7829769	0.0339422	0.1200327	0.0286414	0.0255849	0.2247899	0.1770290	0.0389780	0.0777073	0.0948453	0.2583691	0.6042326	0.0328596	0.7577933	0.2418566	0.2508295	0.0474130	0.6471744	0.6298604	0.6328782	0.0992973	0.3842595	0.6545248	0.0035576	0.0039693	0.1429779	0.6483840	0.6117946	0.3716422	0.1358128	0.5364278	0.0392883	0.6872492	0.5865539	0.6143793	0.4452141
300	0.1203068	0.7691754	0.2862243	0.2139769	0.6633897	0.0107087	0.0467428	0.0196415	0.0331601	0.2301688	0.2461823	0.0316283	0.0946231	0.1049638	0.2871979	0.6879798	0.0186019	0.7388803	0.3230467	0.3150576	0.0606117	0.6687168	0.6498631	0.7570817	0.0854555	0.4846359	0.6164643	0.0024346	0.0048991	0.1549216	0.6751500	0.7210886	0.4913033	0.0933641	0.5234747	0.0685447	0.6550028	0.7652241	0.6383064	0.4647030
350	0.1106820	0.6722179	0.2021485	0.1761262	0.7031309	0.0081303	0.1484864	0.0144074	0.0426120	0.2925640	0.2856163	0.0469842	0.0868312	0.1297030	0.2828637	0.7233433	0.0196440	0.7303608	0.2763212	0.2222299	0.0588296	0.6616068	0.6328067	0.5841669	0.1514354	0.4887427	0.6801937	0.0045444	0.0042365	0.1487729	0.5722130	0.6895611	0.3149474	0.0933379	0.5616160	0.0554843	0.7451990	0.7236050	0.6692300	0.4618203
400	0.1324379	0.6836299	0.2465740	0.1701112	0.7522537	0.0115841	0.0785795	0.0192648	0.0406065	0.1965396	0.1900625	0.0168971	0.0681971	0.1172046	0.2666841	0.6313244	0.0475896	0.6731984	0.2405502	0.2512346	0.0551799	0.7887562	0.5894577	0.5620044	0.0765832	0.5491379	0.7580326	0.0158143	0.0052518	0.1027275	0.6973068	0.5738004	0.4040186	0.0553516	0.5346506	0.0327462	0.6647534	0.6920149	0.6854069	0.4334228
450	0.0672655	0.6412262	0.2886381	0.2077728	0.7991910	0.0123747	0.0624600	0.0225909	0.0094090	0.2437556	0.2578252	0.0331393	0.0750803	0.0806782	0.3447561	0.6326320	0.0115130	0.6699005	0.2040158	0.3214724	0.0669076	0.7690274	0.6148567	0.6946842	0.0814444	0.5835076	0.7396508	0.0040074	0.0093603	0.1214697	0.7897968	0.7387264	0.4751295	0.0339147	0.5673570	0.0402934	0.6706377	0.7934177	0.6397170	0.4351825
500	0.1049852	0.7433729	0.2810909	0.1995038	0.6712978	0.0025213	0.1312571	0.0189246	0.0499452	0.1867477	0.1988803	0.0412385	0.0613905	0.0627073	0.3306926	0.5668842	0.0210812	0.7681226	0.2522590	0.2831418	0.0283651	0.5795262	0.6377145	0.7340429	0.0945199	0.5497629	0.7046491	0.0015478	0.0012945	0.1351981	0.7491052	0.6837791	0.4162079	0.1004754	0.4310583	0.0190655	0.7396477	0.6505976	0.7196931	0.4720841
550	0.3850293	0.7214673	0.2473922	0.6683633	0.6378198	0.5394220	0.2251135	0.0385811	0.1762877	0.4295927	0.3586123	0.1412906	0.0925183	0.1077554	0.5225305	0.5631720	0.0571017	0.7052892	0.3210422	0.2746683	0.0474148	0.6211309	0.6096989	0.7213105	0.2594937	0.2901010	0.6780850	0.1630808	0.0472809	0.3408051	0.7052280	0.6481751	0.4479606	0.1378245	0.4270584	0.0369035	0.7912563	0.3797836	0.6436452	0.1638950
600	0.2950775	0.6065918	0.1646958	0.5595764	0.6706333	0.5650048	0.2582231	0.0308234	0.3196457	0.3475529	0.4360755	0.2752183	0.1354466	0.1276592	0.5398619	0.2552962	0.0812647	0.6354187	0.3260294	0.3894684	0.0341573	0.2680674	0.2967080	0.5210369	0.2868406	0.1838169	0.3694922	0.1548039	0.0298461	0.2393702	0.4437099	0.6774929	0.2530465	0.2362545	0.6172988	0.0604507	0.7328460	0.2269153	0.5308564	0.0657419
650	0.3589856	0.7164065	0.1109182	0.6832656	0.6925680	0.6813298	0.3162058	0.0227540	0.2961737	0.2351816	0.3996275	0.1956829	0.0639364	0.0917725	0.3232269	0.1774978	0.1095631	0.6018499	0.2605900	0.3902440	0.0624002	0.1088949	0.2018077	0.4281869	0.3129535	0.0746245	0.1953063	0.1316786	0.0601929	0.1582444	0.4293770	0.4193230	0.1525374	0.1786158	0.5676946	0.0977502	0.6177328	0.1737816	0.5097801	0.0357404
700	0.2931009	0.6700584	0.0784568	0.6458951	0.7300465	0.7977211	0.3260809	0.0294294	0.2720923	0.2376190	0.4027287	0.2061340	0.1000214	0.0854706	0.3930260	0.1527143	0.0668796	0.3041607	0.2602931	0.3768995	0.0358030	0.0348470	0.0972040	0.3380921	0.3369420	0.0223376	0.1497329	0.2078024	0.0454628	0.1406348	0.2989638	0.4822369	0.0774041	0.2124631	0.4951273	0.0937001	0.6803569	0.1588724	0.5034105	0.0040711
750	0.2658964	0.7535774	0.0796601	0.7927083	0.7245086	0.7503803	0.3108478	0.0145404	0.2893228	0.1801447	0.4068191	0.2118172	0.1352954	0.0796687	0.3326370	0.1078704	0.0766456	0.3158016	0.3622083	0.2661953	0.0442416	0.0483900	0.0903019	0.2087255	0.3116965	0.0276186	0.1502664	0.2251533	0.0883199	0.1069483	0.3282418	0.3479250	0.0463884	0.3097361	0.4961638	0.0326259	0.7082591	0.1744733	0.5748795	0.0104574
800	0.2878819	0.7040728	0.0643510	0.5816210	0.6493601	0.6774295	0.2607902	0.0113990	0.2086009	0.2013406	0.3293818	0.1483101	0.0879680	0.1589422	0.3098172	0.1540858	0.0662495	0.3104065	0.2858957	0.3309704	0.0299849	0.0579474	0.0540059	0.2199751	0.4036943	0.0141684	0.1135421	0.1744732	0.0578339	0.0884205	0.3019030	0.2816151	0.0230694	0.2081274	0.4374604	0.0681000	0.6325469	0.1460816	0.5249657	0.0052909
850	0.2642850	0.6651727	0.0504461	0.7904267	0.5428676	0.6548526	0.3352127	0.0183237	0.2926264	0.2503176	0.2895096	0.1430254	0.1051868	0.1020104	0.3278684	0.0884113	0.0876449	0.3445759	0.3904427	0.2910470	0.0331283	0.0573558	0.0568603	0.2927805	0.3556117	0.0379195	0.1064098	0.1704310	0.0376755	0.1481038	0.3294102	0.4578242	0.0354846	0.1747176	0.4822083	0.0578710	0.6513511	0.1109547	0.4466985	0.0090901
900	0.2977200	0.5195226	0.0575503	0.6150622	0.5654155	0.6444976	0.3383697	0.0277021	0.2253805	0.1677378	0.2809886	0.1679141	0.1081177	0.0845182	0.4295566	0.0649540	0.0573476	0.2506303	0.3020324	0.3778598	0.0485316	0.0336751	0.1377146	0.2918864	0.2386042	0.0217014	0.1314369	0.1347185	0.0585917	0.1192569	0.2715150	0.3808353	0.0103438	0.0677380	0.4409646	0.0497275	0.6952069	0.1454049	0.4671213	0.0062135
950	0.2893835	0.6479976	0.0302576	0.8084646	0.7917813	0.7264908	0.2449827	0.0150912	0.3498650	0.2020317	0.2803291	0.1404564	0.0943528	0.0685713	0.3613433	0.1124551	0.0966744	0.2589484	0.2867550	0.3236490	0.0689028	0.0145666	0.1691751	0.2563876	0.3059766	0.0220317	0.1100760	0.1711053	0.0411863	0.1195480	0.2930330	0.3641485	0.0165180	0.1050155	0.5371917	0.0466410	0.6747710	0.1448123	0.4219447	0.0046092
1000	0.2914940	0.6033258	0.0341206	0.6610719	0.6817547	0.6146620	0.2842358	0.0191474	0.2190573	0.1383369	0.2815135	0.1650625	0.0740304	0.0793854	0.3341914	0.0686849	0.0445004	0.3439122	0.2429919	0.2707373	0.0422908	0.0279664	0.0609162	0.2174305	0.3449538	0.0328719	0.1027020	0.1598843	0.0422005	0.0738850	0.3356728	0.4140422	0.0238345	0.1939988	0.5471493	0.0352404	0.7300375	0.1636259	0.4930957	0.0099033
