G1	G2	G3	G4	G5	G6	G7	G8	G9	G10	G11	G12	G13	G14	G15	G16	G17	G18	G19	G20	G21	G22	G23	G24	G25	G26	G27	G28	G29	G30	G31	G32	G33	G34	G35	G36	G37	G38	G39	G40	G41	G42	G43	G44	G45	G46	G47	G48	G49	G50	G51	G52	G53	G54	G55	G56	G57	G58	G59	G60	G61	G62	G63	G64	G65	G66	G67	G68	G69	G70	G71	G72	G73	G74	G75	G76	G77	G78	G79	G80
0.0000000	0.7677505	0.3326139	0.7119941	0.0202223	0.0325049	0.0690396	0.8526076	0.0549059	0.0026202	0.3735804	0.1749780	0.0120015	0.2665030	0.4103991	0.6595296	0.4297601	0.2243756	0.0128107	0.1296763	0.0834737	0.3922193	0.6632123	0.0940596	0.7785715	0.0242043	0.2440223	0.1970801	0.0446877	0.0120541	0.1244668	0.6554582	0.2214786	0.7000707	0.1473992	0.0009187	0.2987865	0.1977403	0.2365096	0.1560384	0.4592308	0.6862183	0.4717917	0.4698073	0.2578916	0.1443260	0.6767638	0.7800311	0.3515635	0.0026197	0.6142420	0.8018442	0.4089361	0.7900825	0.1720043	0.3574504	0.2318813	0.7868484	0.3699884	0.6418675	0.2743313	0.6330297	0.0603510	0.5771995	0.6117214	0.5320568	0.7618762	0.3733625	0.6381312	0.6272247	0.5219020	0.6634880	0.7153521	0.6580970	0.4708798	0.6700199	0.2743289	0.6375823	0.0384233	0.3791620
0.1922581	0.0000000	0.5228873	0.6626515	0.6489799	0.1069252	0.6427558	0.5699449	0.1678610	0.0003567	0.3475317	0.1275310	0.0077572	0.3341949	0.3040364	0.7382159	0.4722822	0.2672101	0.0316450	0.1063258	0.1179168	0.3503687	0.5882529	0.0878750	0.7094781	0.0216129	0.3167796	0.1708761	0.0181457	0.0190481	0.1804157	0.7406392	0.1330882	0.5854130	0.0907555	0.0034371	0.2152049	0.1491267	0.2000303	0.1310455	0.3876261	0.6196103	0.5209749	0.4247180	0.3177186	0.1268750	0.5021237	0.5929399	0.3511239	0.0015926	0.5770142	0.6966633	0.3810841	0.5816561	0.2210600	0.3390808	0.2507766	0.5652168	0.3967987	0.8304191	0.2786132	0.6711085	0.0530415	0.5888644	0.5389753	0.6571644	0.7230439	0.4366205	0.7174458	0.6909639	0.5616259	0.6339839	0.7374973	0.6032402	0.4391182	0.8030436	0.2381631	0.6332300	0.0328017	0.3758303
0.1151459	0.7853280	0.0000000	0.7818446	0.0202529	0.0487146	0.0481571	0.7010499	0.0996184	0.0001207	0.3077752	0.2001892	0.0091117	0.2426284	0.4473822	0.7219096	0.3321993	0.2473468	0.0115847	0.0878703	0.1020598	0.4266649	0.6703201	0.0985438	0.7954268	0.0624194	0.2745958	0.2003497	0.0479371	0.0152564	0.2122470	0.5685710	0.1427615	0.6821879	0.0563454	0.0021160	0.2603449	0.1453253	0.2376676	0.1397964	0.4170229	0.7780545	0.5437162	0.3553201	0.3204701	0.0958714	0.6283551	0.6577208	0.4184974	0.0015123	0.6870455	0.6166770	0.4415748	0.6926559	0.1882018	0.3252893	0.1569963	0.5895639	0.4725232	0.6660908	0.2265324	0.7286038	0.0796497	0.5919287	0.5506186	0.6420297	0.8176276	0.3714958	0.8190158	0.6756788	0.4787106	0.6129236	0.5900306	0.4780332	0.4733699	0.7039330	0.3032107	0.8025853	0.0648006	0.4005142
0.1833909	0.7122295	0.4901672	0.0000000	0.6402025	0.2048865	0.7161910	0.5985030	0.2074370	0.0002416	0.3641533	0.1873002	0.0076274	0.2628063	0.4215601	0.6573852	0.3876138	0.2643210	0.0132539	0.1557010	0.0897710	0.4225535	0.5581161	0.1839961	0.6632726	0.0324453	0.2486878	0.2768419	0.0187197	0.0064606	0.1896672	0.5741928	0.1940807	0.7441878	0.1738121	0.0136202	0.3443183	0.1105769	0.1342586	0.1463824	0.4854022	0.6238288	0.4081048	0.5554760	0.4578375	0.1466167	0.5796369	0.6536849	0.3282471	0.0018504	0.6920482	0.7407080	0.2946788	0.6400894	0.1757682	0.3491544	0.1142985	0.5809536	0.3414209	0.5853033	0.1689652	0.6716529	0.0274745	0.7636394	0.5916165	0.5282692	0.6588539	0.3375700	0.6095797	0.7982346	0.3966462	0.6283145	0.5829191	0.6599516	0.4483447	0.6303336	0.2731928	0.6867307	0.0239894	0.5259108
0.0890257	0.6513110	0.4657723	0.7249541	0.0000000	0.1288544	0.0810440	0.7218498	0.0866401	0.0007352	0.3335152	0.1464990	0.0259102	0.3180670	0.3067036	0.7334524	0.4375613	0.2291288	0.0138360	0.1307791	0.0846604	0.2736479	0.7566489	0.1557450	0.6806726	0.0179694	0.3501841	0.2624447	0.0660081	0.0314386	0.1593241	0.5966860	0.1152085	0.6704941	0.1011274	0.0009271	0.2494990	0.1350805	0.2083474	0.1613149	0.3468390	0.6796210	0.5066722	0.4138391	0.3579801	0.1327652	0.5868179	0.6142994	0.3806604	0.0003062	0.7124014	0.7960566	0.3956466	0.7886947	0.1918986	0.3043633	0.1502956	0.6914474	0.4531595	0.6232206	0.2389542	0.7627608	0.0614628	0.6878073	0.6004270	0.4815158	0.7463519	0.3146279	0.5305280	0.6543231	0.4362382	0.4809983	0.5422829	0.5750264	0.4350246	0.6819100	0.2662960	0.6819510	0.0156563	0.4638213
0.0975387	0.6724087	0.3361131	0.6135793	0.0224737	0.0000000	0.0516159	0.8269568	0.0542615	0.0002297	0.3239201	0.1494737	0.0092687	0.2245313	0.3034270	0.6970788	0.4107331	0.2875672	0.0204671	0.1291374	0.1030549	0.3545724	0.5959754	0.1251025	0.6773520	0.0304571	0.2823706	0.2308615	0.0500874	0.0048654	0.2253477	0.5742593	0.2498255	0.6084391	0.1172235	0.0078262	0.2870588	0.1652294	0.2332193	0.1089183	0.4516205	0.6638584	0.5053803	0.3824211	0.3585172	0.1263670	0.6430676	0.7393374	0.4344880	0.0054938	0.8684232	0.6553158	0.2842959	0.6507972	0.1960819	0.4317084	0.1988625	0.6388451	0.3989256	0.6898281	0.2426038	0.8515845	0.0387794	0.6896098	0.5511242	0.6657466	0.6372087	0.4506132	0.6848524	0.6643459	0.5379475	0.5650438	0.7015253	0.5987563	0.5630548	0.7816342	0.2609791	0.6124301	0.0329575	0.4811637
0.0973338	0.6588334	0.4077174	0.7819549	0.0465825	0.0899240	0.0000000	0.7276745	0.0638252	0.0000231	0.2233169	0.1585946	0.0117036	0.3078994	0.2495829	0.7113434	0.4460799	0.2369224	0.0312417	0.1165965	0.0943484	0.3235377	0.5912144	0.0829960	0.6439775	0.0315934	0.1904602	0.1849091	0.0330356	0.0292446	0.1971730	0.7518757	0.1696639	0.6256394	0.0894845	0.0043717	0.2723005	0.1155160	0.1746193	0.1306287	0.3940390	0.7572571	0.4322789	0.4625948	0.3220617	0.1240616	0.6580024	0.6526954	0.4785081	0.0004234	0.5987439	0.7853651	0.3218920	0.6954948	0.2213366	0.4806373	0.1383748	0.7073541	0.3050617	0.7529432	0.2128425	0.7538302	0.0525026	0.6748658	0.5073114	0.5573782	0.6578625	0.4067248	0.7810238	0.6594807	0.4223541	0.5002128	0.5998278	0.5827822	0.5306303	0.6911731	0.2513079	0.7223625	0.0211363	0.4665357
0.1892046	0.7004167	0.4101146	0.7833411	0.7008589	0.2666213	0.5403052	0.0000000	0.1254069	0.6282425	0.6818880	0.6325830	0.7267876	0.7980603	0.6603576	0.6796987	0.4777852	0.7305483	0.7980262	0.2878544	0.2175928	0.7353168	0.7052795	0.7185891	0.0215802	0.7559006	0.6316474	0.3457605	0.6829828	0.7066336	0.4391632	0.0464741	0.6010359	0.7300074	0.7597968	0.6419566	0.6354398	0.2554390	0.4786333	0.8418842	0.2446394	0.6421578	0.0153058	0.3136577	0.0241688	0.1237854	0.3191262	0.6257292	0.0887889	0.0036369	0.0218859	0.7582414	0.3739317	0.7296230	0.2504603	0.4537277	0.1186600	0.5752666	0.3539886	0.6848951	0.2456856	0.6641297	0.0261205	0.7589356	0.5473377	0.4299916	0.7608801	0.3594258	0.7634201	0.7832666	0.5251046	0.6109290	0.6474345	0.6051891	0.5182192	0.8600014	0.3494610	0.6641064	0.7042896	0.5151609
0.1135980	0.7491293	0.2859735	0.6683004	0.0133161	0.0844353	0.0353496	0.6344719	0.0000000	0.0001519	0.3282690	0.2001693	0.0138798	0.2176881	0.3176052	0.7356360	0.4299310	0.2863895	0.0422219	0.1203218	0.0547311	0.4683072	0.6635514	0.1242306	0.7363147	0.0224054	0.3991150	0.1967501	0.0262266	0.0213085	0.1203340	0.6346796	0.0967258	0.6502297	0.0604304	0.0032000	0.2201186	0.1042188	0.1927047	0.1633977	0.4377686	0.7602318	0.6332540	0.4271991	0.3107582	0.1449242	0.5798635	0.6899817	0.3757386	0.0052958	0.6568992	0.6285224	0.2548674	0.6792971	0.1909708	0.4557744	0.1693218	0.5550731	0.3126050	0.7256436	0.2545637	0.6926535	0.0256405	0.8069746	0.5640643	0.5934392	0.7763262	0.4232984	0.7145757	0.5892211	0.4785541	0.6990581	0.6493635	0.6770027	0.3876056	0.8894761	0.2908330	0.7667893	0.0762675	0.4037033
0.0524062	0.7243396	0.3129133	0.7716029	0.0158488	0.0501106	0.0670964	0.6527841	0.0738432	0.0000000	0.2621457	0.1438018	0.0099020	0.2693527	0.3699481	0.6739390	0.4102081	0.2336215	0.0083889	0.0656335	0.1229720	0.3857693	0.5600100	0.1205029	0.7148498	0.0623525	0.3509160	0.2623787	0.0200723	0.0043334	0.2407974	0.6196086	0.1505413	0.6506825	0.1000272	0.0021628	0.2598474	0.1531604	0.1757451	0.1900153	0.4649671	0.6054215	0.4177605	0.5437819	0.2344586	0.1836513	0.6279423	0.6372623	0.3618847	0.0020736	0.6152875	0.9080882	0.3223088	0.6353190	0.2516430	0.3386620	0.1584778	0.5410589	0.3277840	0.6903659	0.2052666	0.6146335	0.0707752	0.7285877	0.5530232	0.6185882	0.6735490	0.3755395	0.6949462	0.6172354	0.4215207	0.6010185	0.7042476	0.6434017	0.5044266	0.4993925	0.3123579	0.7245408	0.0649485	0.3582468
0.0816362	0.7621088	0.3330537	0.8307044	0.0279495	0.0406579	0.0221898	0.7187993	0.0342684	0.0009666	0.0000000	0.1006026	0.0155910	0.2362259	0.2321973	0.6645080	0.4025072	0.1740043	0.0260981	0.1751998	0.1276198	0.3836753	0.4967200	0.1421399	0.6460748	0.0700117	0.2759817	0.2705649	0.0361662	0.0065388	0.2046681	0.5247907	0.1326249	0.7321959	0.0839627	0.0002500	0.3022239	0.1470622	0.1701323	0.1813803	0.4257203	0.6945574	0.5150404	0.4600155	0.3118117	0.1016396	0.5213285	0.6122221	0.4499412	0.0047390	0.6271180	0.7283693	0.3105704	0.6097891	0.2407042	0.4305794	0.1141331	0.6764760	0.3840464	0.7509853	0.2106800	0.7707470	0.0888578	0.5930788	0.5850258	0.5789691	0.6510273	0.4827170	0.7508506	0.7627555	0.5039652	0.5000436	0.6427789	0.5746119	0.5054542	0.7311694	0.2611105	0.6872669	0.0917923	0.5100561
0.0998023	0.6409038	0.3712757	0.8252314	0.0286278	0.0579165	0.0677175	0.6902845	0.0660896	0.0007851	0.3288550	0.0000000	0.0102525	0.2574582	0.3357636	0.6128889	0.4020594	0.3459632	0.0127861	0.1200635	0.0998838	0.4070718	0.5383435	0.1699562	0.7150730	0.0313336	0.3371301	0.2970208	0.0624425	0.0220859	0.2059406	0.7362193	0.1243155	0.7913207	0.1229586	0.0041619	0.2422245	0.1601900	0.1842589	0.1279735	0.4858872	0.7002226	0.6897833	0.4290100	0.2998299	0.1321181	0.6157377	0.6990426	0.3791044	0.0068140	0.5752440	0.7266338	0.2227307	0.7810851	0.1525043	0.3865937	0.2392312	0.6409807	0.3525287	0.6560274	0.2238235	0.6946665	0.0675272	0.6920846	0.5668033	0.5224671	0.7056879	0.3308564	0.5633475	0.6107164	0.4504810	0.4841770	0.5864886	0.6073608	0.4719542	0.7186875	0.2052598	0.8325076	0.0481815	0.4839099
0.0540456	0.6514435	0.2787001	0.6783808	0.0303935	0.0616968	0.0618393	0.7461536	0.0526761	0.0000845	0.3727859	0.1015494	0.0000000	0.3018099	0.3025259	0.6584863	0.3926343	0.2468003	0.0277929	0.0623107	0.0549370	0.4442526	0.6251309	0.1163794	0.6381669	0.0219171	0.2915951	0.2207758	0.0252467	0.0176547	0.2194293	0.7374919	0.1277656	0.6790621	0.1519396	0.0192991	0.2906158	0.1129773	0.1648043	0.1507491	0.3996405	0.7812218	0.5179128	0.4416234	0.3324858	0.1226715	0.6496932	0.6920018	0.3480284	0.0009022	0.5885422	0.7229031	0.3107839	0.6420170	0.2532541	0.4132567	0.2239132	0.6902001	0.3832572	0.7434499	0.2689531	0.7132992	0.0530802	0.6656759	0.6594956	0.5142778	0.6351395	0.4709439	0.7202025	0.7130257	0.4443563	0.6021662	0.6056463	0.7232941	0.4786484	0.8385919	0.3270601	0.6371777	0.0301485	0.4369919
0.0628826	0.6235169	0.3036599	0.7449494	0.0279088	0.0673735	0.0731950	0.8056640	0.0797293	0.0002700	0.4076510	0.1830295	0.0361825	0.0000000	0.2664108	0.7292383	0.3528548	0.1751821	0.0298758	0.1020464	0.1173317	0.4225774	0.5337590	0.1019531	0.6788204	0.0426350	0.3052347	0.2427520	0.0189024	0.0151536	0.2130547	0.5788468	0.0825135	0.8004039	0.1122030	0.0007687	0.2571771	0.1231361	0.1710994	0.1717787	0.4225841	0.6160372	0.4371475	0.3819964	0.2878191	0.2046847	0.6416620	0.7236112	0.3254206	0.0001430	0.6332361	0.7633860	0.3256934	0.7987533	0.2369845	0.3821289	0.1334628	0.7343735	0.3211508	0.6643798	0.2037679	0.6165750	0.0818668	0.6416559	0.5128516	0.5316319	0.6764498	0.3674062	0.6108847	0.7201291	0.4951345	0.5919684	0.6157982	0.5999312	0.4555588	0.6605436	0.2866348	0.7368813	0.0424796	0.5076569
0.0764780	0.5364095	0.2577462	0.7805203	0.0136697	0.0837074	0.0408430	0.7081305	0.0452985	0.0012680	0.2841865	0.1416049	0.0152304	0.7660187	0.0000000	0.6152279	0.4933243	0.3318764	0.0217392	0.1428924	0.1483508	0.3163642	0.7008133	0.1243401	0.6847409	0.0335970	0.2730207	0.2184891	0.0391016	0.0179465	0.1768353	0.6458139	0.1451259	0.5767435	0.1004745	0.0011108	0.2097255	0.1435280	0.2268390	0.1330861	0.4855411	0.7074151	0.5036477	0.4251836	0.2658786	0.1243786	0.5915130	0.7386421	0.4114637	0.0011645	0.6670508	0.8655838	0.3176721	0.7591112	0.1505431	0.4118313	0.1411724	0.5396187	0.3903223	0.6069120	0.2619505	0.7660630	0.0539734	0.6994254	0.5159820	0.5556905	0.7176894	0.3806187	0.7043467	0.7653891	0.4852341	0.4516961	0.5433814	0.6722271	0.4815627	0.6575905	0.3121109	0.7240248	0.0442574	0.4826134
0.1091104	0.7373138	0.3153000	0.6575446	0.0213060	0.0379122	0.0854967	0.7814346	0.0849229	0.0053042	0.3264707	0.1546620	0.0069195	0.2623775	0.2664221	0.0000000	0.3713750	0.2166850	0.0258101	0.1207349	0.0775259	0.3926633	0.6247170	0.1217608	0.8824400	0.0307445	0.2191177	0.1865255	0.0252607	0.0333446	0.1875157	0.7290453	0.1247163	0.7542788	0.1125922	0.0018314	0.3414438	0.1265866	0.1505861	0.0875103	0.6200339	0.8121407	0.3993926	0.5101931	0.3471528	0.1600220	0.5861993	0.6716062	0.3027712	0.0025715	0.7911020	0.7949073	0.3913290	0.7611936	0.2036149	0.3969024	0.1427088	0.6533775	0.4201296	0.6932370	0.2942795	0.7924816	0.0671283	0.7770138	0.4728360	0.6134169	0.7830101	0.3169544	0.7503939	0.6052471	0.4526116	0.5958923	0.6503717	0.5404254	0.3748794	0.6908269	0.2543063	0.8123064	0.0453710	0.4238754
0.0486821	0.8837920	0.2947241	0.7117232	0.0227513	0.0666867	0.0470092	0.7161073	0.0431475	0.0003279	0.3181372	0.1466857	0.0145171	0.3113044	0.3364332	0.6896977	0.0000000	0.2837913	0.0226890	0.0803725	0.1236473	0.3991269	0.6782240	0.1424804	0.6838754	0.0809244	0.3350563	0.2616214	0.0350260	0.0076367	0.2102279	0.5567910	0.1505221	0.6807707	0.1777076	0.0032476	0.2092596	0.1921564	0.2108881	0.2049067	0.4155473	0.6549496	0.4729604	0.4753199	0.2553584	0.1398891	0.6153579	0.7799378	0.3482471	0.0019157	0.5726211	0.7381566	0.3587205	0.6774049	0.2284974	0.4253016	0.1622394	0.6568634	0.3200633	0.6984209	0.1821578	0.7460602	0.0491755	0.6641494	0.6036858	0.4811039	0.7069534	0.2988509	0.6453319	0.8018618	0.4395965	0.4883057	0.5579370	0.6420836	0.4531303	0.6490281	0.3126953	0.6834363	0.0457536	0.3755582
0.0691616	0.6465147	0.3384352	0.7399548	0.0309792	0.0748910	0.0457249	0.5705098	0.0889943	0.0009469	0.3893623	0.1330041	0.0074776	0.3256481	0.3794705	0.6038545	0.3726018	0.0000000	0.0076350	0.1135928	0.1005965	0.3259937	0.5322846	0.1523554	0.7346795	0.0625265	0.2731510	0.2814642	0.0286017	0.0085157	0.2191560	0.6023157	0.1423601	0.7095608	0.1092725	0.0018549	0.2069302	0.1000672	0.1878767	0.0863397	0.4390390	0.6254296	0.5282789	0.4069361	0.2899632	0.0992623	0.6107887	0.7829585	0.3564722	0.0042902	0.7214647	0.6348805	0.2857326	0.6510325	0.1234359	0.3346240	0.1728954	0.6526932	0.3783724	0.6968432	0.2093004	0.6763882	0.0875697	0.6810055	0.6871699	0.5634515	0.7968549	0.4025039	0.7769799	0.8115754	0.4011536	0.5514699	0.7346551	0.5690661	0.5018712	0.6487304	0.2844011	0.6054943	0.0458283	0.4762981
0.0864385	0.7610665	0.1871907	0.6227632	0.0173002	0.0720925	0.0302496	0.7338133	0.0395131	0.0002906	0.2943150	0.1892728	0.0090079	0.3019247	0.2856436	0.6548844	0.3904212	0.2336309	0.0000000	0.1098085	0.0868061	0.3197802	0.5920231	0.1289367	0.7695031	0.0480035	0.2336255	0.2013691	0.0625916	0.0154989	0.1292405	0.7273223	0.1852483	0.7977733	0.1470693	0.0048476	0.2855426	0.0893576	0.1825937	0.1382265	0.5183864	0.8008349	0.5467498	0.4466383	0.2954136	0.1291055	0.5763683	0.7560577	0.2802844	0.0034527	0.5734902	0.5767434	0.3701629	0.7663454	0.2381134	0.3592140	0.1086593	0.5743835	0.4325921	0.7616247	0.2009707	0.7399853	0.0667597	0.6558312	0.5401625	0.5631645	0.6566920	0.3540020	0.7241958	0.5836595	0.4762680	0.4765094	0.6710338	0.6717368	0.4019972	0.5326694	0.2857194	0.5665468	0.0573184	0.4465866
0.0663985	0.7629891	0.3612797	0.7410000	0.0128151	0.1170792	0.0472786	0.6811027	0.0434535	0.0000312	0.3432713	0.1381222	0.0126095	0.2501708	0.2728821	0.6361228	0.4394520	0.2037331	0.0295563	0.0000000	0.0784103	0.3485952	0.6305062	0.1652834	0.7415973	0.0819544	0.3152102	0.2900972	0.0239887	0.0164649	0.1461259	0.6621719	0.1889938	0.6416341	0.0854035	0.0144816	0.2898124	0.1442890	0.1361596	0.1117260	0.5143916	0.7162250	0.4845464	0.3832244	0.2643335	0.1541840	0.6671787	0.7001185	0.3650125	0.0014438	0.6858851	0.6648407	0.3302759	0.7583743	0.1895240	0.3261585	0.1579240	0.6272899	0.4300689	0.7652189	0.2324344	0.5576242	0.0393402	0.6169131	0.5132305	0.6311208	0.7504696	0.3635711	0.6435719	0.7422367	0.5802629	0.6236386	0.7675823	0.5988460	0.3526326	0.7471955	0.3251466	0.7908602	0.0620456	0.4184036
0.0650274	0.7406861	0.2779235	0.6859515	0.0366899	0.0491347	0.0516621	0.5979980	0.0469606	0.0005983	0.3656111	0.1772173	0.0167590	0.2964815	0.3602967	0.6405264	0.4063509	0.2416739	0.0163123	0.0808218	0.0000000	0.3692151	0.4756708	0.1289745	0.5564041	0.0148994	0.3552253	0.2109631	0.0465938	0.0077756	0.1481571	0.5706354	0.1346450	0.6695212	0.1329538	0.0026403	0.2441272	0.0865132	0.1723298	0.1659448	0.4530087	0.7028034	0.4997900	0.4301362	0.2930703	0.1946558	0.4995021	0.7434436	0.3121681	0.0069223	0.6513011	0.7523737	0.2788259	0.7026968	0.2190883	0.3652993	0.1951587	0.6185366	0.3283212	0.7134926	0.3203708	0.6453078	0.0403620	0.5716793	0.4642857	0.6356999	0.6258017	0.4454135	0.6802001	0.6281032	0.4696325	0.6183692	0.6074635	0.6168595	0.3763582	0.6500447	0.2897637	0.6690087	0.0320798	0.4861805
0.0807797	0.7029327	0.2831182	0.5934651	0.0228102	0.0778186	0.0438195	0.7438049	0.0496465	0.0030875	0.3336376	0.1929740	0.0080853	0.2851125	0.3841223	0.6443584	0.4597841	0.2450632	0.0363082	0.1096007	0.5569028	0.0000000	0.8127704	0.1467412	0.7590849	0.0623580	0.2939970	0.2481937	0.0276508	0.0077814	0.2546271	0.6685128	0.1261620	0.6475996	0.1062191	0.0015405	0.2018995	0.1564717	0.2525402	0.1531020	0.4648025	0.6524277	0.5172992	0.4997348	0.3163232	0.1895530	0.5664813	0.6967544	0.4524092	0.0044658	0.4763429	0.8047942	0.3652435	0.6338383	0.2360738	0.3967053	0.2221482	0.6643091	0.3125649	0.7242129	0.2627735	0.6145856	0.0333031	0.7423930	0.6414671	0.4498784	0.7631920	0.3798728	0.8452255	0.7040193	0.4159320	0.6494657	0.5618615	0.4677689	0.5098798	0.6718762	0.2565124	0.8336351	0.0701008	0.4343912
0.1242644	0.7072725	0.3197609	0.7230095	0.0246631	0.0825808	0.0346092	0.5974681	0.0715858	0.0000733	0.3187133	0.1874754	0.0061964	0.3261816	0.2750516	0.6947697	0.3816757	0.2400776	0.0126124	0.1348639	0.1137880	0.3368585	0.0000000	0.1383959	0.6018135	0.0340792	0.2761800	0.2419811	0.0357830	0.0077418	0.1869683	0.5647167	0.1567427	0.6870483	0.1017596	0.0019227	0.2984535	0.1120539	0.1886728	0.1427474	0.4080995	0.7782230	0.5551845	0.5123689	0.3312992	0.1200266	0.6471420	0.7261499	0.3206630	0.0011642	0.5346066	0.6078170	0.4341602	0.6730458	0.2042987	0.3761742	0.1542403	0.6191152	0.3278223	0.6377139	0.3289254	0.5831313	0.0337071	0.6604697	0.5196470	0.5902351	0.8598782	0.4930641	0.8909420	0.7487010	0.4512483	0.6126379	0.7172883	0.6385162	0.4387831	0.7111138	0.3320988	0.7454404	0.0567161	0.4448670
0.0643594	0.6484971	0.3341422	0.6962957	0.0287726	0.0463882	0.0553234	0.7971296	0.0761131	0.0001330	0.3164708	0.1704830	0.0119191	0.2338479	0.3006704	0.6832929	0.4564426	0.3334985	0.0285206	0.1398897	0.0954550	0.4113254	0.6698226	0.0000000	0.6715311	0.0590330	0.2294146	0.3116422	0.0684368	0.0114514	0.1529766	0.7494807	0.1763341	0.7752717	0.1461650	0.0090637	0.3935648	0.1262653	0.1993239	0.1309618	0.4090247	0.6305492	0.4176301	0.4101281	0.3512805	0.2005970	0.5968084	0.6766592	0.3970519	0.0027642	0.6267377	0.7144837	0.3182241	0.8127142	0.2004524	0.3535256	0.2047525	0.6174081	0.3739695	0.6981795	0.2149310	0.6726826	0.0784589	0.7468994	0.6524248	0.5329388	0.6620427	0.3230650	0.6610607	0.7270285	0.4563996	0.5602996	0.6567463	0.6837792	0.3990651	0.7678143	0.2425060	0.7059034	0.0472051	0.3708357
0.1134732	0.7065534	0.4453248	0.7170097	0.0180299	0.0338750	0.0403908	0.7851504	0.0710061	0.0007997	0.3751082	0.1793621	0.0171972	0.2551336	0.3130698	0.7979779	0.4220464	0.3067950	0.0306196	0.1332717	0.0817592	0.4531709	0.5665742	0.1365609	0.0000000	0.0423103	0.2053129	0.2871081	0.0235046	0.0117148	0.1770075	0.5951941	0.1658059	0.6094230	0.1427807	0.0033223	0.2869900	0.1452498	0.2867951	0.1242697	0.5692247	0.6073190	0.5563338	0.4466074	0.2495029	0.1953982	0.6265418	0.6611953	0.3743072	0.0041199	0.5996269	0.7444566	0.3519386	0.7768404	0.2093994	0.4204581	0.1569054	0.6799493	0.3824550	0.6459808	0.2290286	0.6801034	0.0619422	0.5553926	0.6518412	0.4335197	0.7403951	0.4123791	0.8285571	0.6996744	0.5063239	0.6832464	0.6845648	0.5320721	0.4206769	0.6886031	0.2411408	0.6493479	0.0220616	0.4743152
0.0755410	0.7883461	0.2872044	0.6072054	0.0128466	0.0424989	0.0405677	0.6900402	0.0394879	0.0000313	0.3345017	0.1896406	0.0189842	0.2813750	0.4170662	0.5782055	0.4079348	0.2383345	0.0597799	0.1707917	0.1131137	0.3679657	0.5898916	0.1456935	0.6820062	0.0000000	0.3524299	0.2394007	0.0479179	0.0095521	0.1882139	0.6387411	0.1529351	0.7146363	0.1131658	0.0098353	0.2189297	0.1137182	0.1634426	0.1465671	0.3566164	0.6283552	0.3743183	0.4319390	0.2650608	0.1257088	0.5858328	0.6262702	0.4017381	0.0021522	0.6560420	0.6354494	0.3787654	0.5957432	0.2349932	0.3734299	0.1724127	0.5365035	0.4523432	0.7603646	0.2572049	0.6652954	0.0459867	0.6266059	0.5008269	0.5156932	0.5800654	0.4048641	0.6066859	0.8773882	0.5143228	0.6402382	0.6316152	0.6429697	0.4316869	0.6748835	0.2815546	0.8228943	0.0612066	0.4285429
0.0706498	0.7441241	0.3501713	0.6730080	0.0293247	0.0501310	0.0310999	0.6132138	0.1038035	0.0000233	0.3506122	0.1609735	0.0342982	0.2612422	0.2495278	0.7673616	0.3550396	0.2647755	0.0146327	0.0986979	0.0623302	0.4095500	0.6246586	0.1337197	0.7798362	0.0406430	0.0000000	0.2279142	0.0469003	0.0073962	0.1519267	0.6359088	0.1424826	0.7956456	0.0965279	0.0019790	0.2671703	0.1398062	0.1883948	0.0894428	0.4074510	0.7364806	0.5594222	0.4164997	0.2910970	0.1915109	0.5271201	0.7752134	0.3328172	0.0019837	0.6664488	0.8201213	0.4006501	0.7221266	0.1892551	0.2982724	0.1550879	0.6574509	0.3855265	0.7793555	0.2794682	0.7000190	0.0390481	0.6070428	0.6103856	0.5356499	0.8111194	0.3431354	0.6703598	0.5969897	0.5851933	0.6271150	0.6826858	0.6525913	0.5758131	0.6239195	0.2535788	0.6863981	0.0252292	0.3969016
0.1183461	0.7947025	0.2813865	0.6464203	0.0166755	0.0519467	0.0425232	0.6786592	0.0537256	0.0006950	0.3131188	0.1192510	0.0144930	0.2733520	0.3756773	0.5730467	0.3936380	0.2014785	0.0120739	0.1760105	0.0912511	0.3300325	0.5729010	0.1116197	0.7667371	0.0426201	0.3234278	0.0000000	0.0455436	0.0287731	0.2033580	0.7222794	0.1604394	0.6965748	0.1321479	0.0026972	0.2607647	0.1161276	0.1497383	0.1094004	0.4579191	0.6240278	0.4862103	0.4329416	0.4077558	0.1400520	0.6401151	0.6687711	0.3426286	0.0026357	0.6367069	0.6841060	0.4274340	0.7534105	0.1531403	0.3847527	0.1156858	0.6754214	0.3837485	0.7582551	0.3104311	0.6734871	0.0364274	0.6325079	0.6921195	0.4996357	0.6778633	0.5179394	0.7358197	0.7630801	0.4524856	0.5480478	0.6756638	0.7404936	0.3919115	0.7567825	0.3324680	0.7710831	0.0384384	0.3955423
0.0590409	0.7249200	0.3140818	0.6951132	0.0328485	0.0544146	0.0363109	0.5401705	0.0250562	0.0000518	0.3318519	0.1492997	0.0184751	0.2648383	0.3526560	0.6999815	0.4537875	0.3158659	0.0043212	0.0950345	0.0891821	0.4799641	0.5300423	0.1361597	0.7721675	0.0526781	0.2939231	0.1999177	0.0000000	0.0352946	0.1827455	0.5757451	0.1191051	0.7786191	0.0891473	0.0027763	0.3271989	0.1419745	0.1542994	0.1041762	0.5492431	0.8452382	0.4815889	0.4221749	0.2930430	0.1217697	0.7149651	0.7333971	0.3640766	0.0005276	0.5315642	0.7384353	0.2941809	0.8933531	0.1833841	0.3085911	0.1275886	0.6738167	0.3760131	0.6105198	0.3012695	0.6356440	0.0666544	0.7290818	0.4518473	0.4920373	0.7305852	0.4067426	0.6943137	0.7310590	0.4560859	0.5541688	0.7321448	0.7094655	0.4868976	0.6461572	0.3289185	0.6310974	0.0726801	0.4246236
0.0662874	0.7809636	0.3227095	0.7751277	0.0195840	0.0528172	0.0578897	0.6571067	0.0483613	0.0000776	0.3473624	0.1621855	0.0231951	0.2575256	0.3317626	0.6661677	0.4931574	0.2636261	0.0252506	0.1757404	0.0949192	0.4000154	0.4933060	0.1598678	0.8444504	0.0323077	0.3148674	0.2315094	0.0361190	0.0000000	0.1657915	0.6347137	0.1498060	0.7808882	0.0905416	0.0003250	0.3065065	0.1076762	0.1531229	0.1190799	0.3550416	0.7069286	0.4438933	0.4804745	0.3198333	0.1114303	0.6084485	0.6075996	0.3556377	0.0023484	0.5387291	0.8202679	0.3298164	0.7515116	0.1553077	0.4099235	0.1400068	0.5101524	0.4158979	0.6964886	0.2106344	0.7830417	0.1027223	0.5911753	0.5624244	0.4585235	0.6531621	0.4482045	0.6344033	0.6894413	0.4132994	0.6679030	0.6185825	0.6486867	0.5560547	0.6668487	0.2616319	0.7103884	0.0510929	0.4213086
0.0734171	0.7684363	0.2410273	0.7527873	0.0251764	0.0560625	0.0214545	0.7223103	0.0576772	0.0001324	0.2714223	0.1348463	0.0215367	0.2661490	0.2993892	0.7621752	0.4093794	0.2266642	0.0140172	0.1001219	0.0795761	0.3563785	0.6297075	0.1054399	0.6561602	0.0684879	0.2704278	0.2679786	0.0241778	0.0231155	0.0000000	0.6568627	0.1616479	0.6314758	0.1318040	0.0029629	0.2439905	0.1225714	0.2039863	0.1531299	0.3945079	0.7329261	0.5441718	0.4811045	0.2946240	0.0913076	0.6032851	0.6042348	0.3926458	0.0015768	0.6613200	0.6000979	0.3354586	0.6354159	0.1818172	0.3462428	0.2319523	0.7479054	0.3451794	0.6500133	0.2319407	0.6202565	0.0761905	0.7517787	0.6805995	0.6076397	0.6502592	0.3863384	0.6138705	0.8794954	0.5142912	0.5504958	0.5804350	0.7815289	0.4644256	0.6852758	0.2797552	0.7124023	0.0673737	0.4877997
0.0518091	0.8146783	0.4404757	0.6803124	0.0447453	0.0340560	0.0393817	0.7064501	0.0737361	0.0013213	0.4273216	0.1984846	0.0084920	0.2616190	0.2820772	0.7126443	0.4006551	0.2643741	0.0255160	0.1248004	0.1156442	0.4251186	0.6214088	0.1186800	0.6716798	0.0353646	0.2664723	0.2609711	0.0188506	0.0146768	0.1868242	0.0000000	0.2244139	0.6630637	0.1023688	0.0084083	0.2619718	0.1468521	0.1339088	0.2247808	0.5012131	0.7801844	0.4620148	0.4806887	0.2253670	0.1438862	0.6642515	0.5811932	0.3255468	0.0001648	0.7090462	0.6603578	0.3446133	0.7263613	0.2528668	0.3690913	0.1230670	0.5879000	0.4710694	0.7598969	0.2481983	0.7414964	0.0409071	0.7322362	0.5362700	0.6342012	0.7264617	0.4079573	0.6877455	0.7144914	0.4534866	0.6751325	0.6682915	0.5302877	0.5120627	0.7105223	0.2708177	0.7123167	0.0348569	0.4165490
0.0712856	0.7795451	0.3070836	0.5942410	0.0268974	0.0612325	0.0343286	0.7453301	0.0760089	0.0004057	0.2737168	0.2364188	0.0279734	0.2814920	0.4009441	0.5480743	0.4180143	0.2504407	0.0083413	0.1398662	0.0977371	0.3577660	0.5511146	0.1186278	0.6757788	0.0384151	0.3690296	0.2308357	0.0293360	0.0227641	0.1729803	0.5489217	0.0000000	0.7580261	0.1287395	0.0050700	0.2622529	0.1709858	0.2561118	0.1263349	0.3901935	0.7449068	0.5241313	0.5085811	0.3489449	0.1489027	0.7049039	0.8015245	0.4609931	0.0027451	0.6638540	0.7954562	0.2804310	0.9047002	0.1523303	0.4123319	0.1762757	0.5532108	0.3234404	0.7044072	0.2285233	0.6021712	0.0683443	0.6168833	0.4410979	0.4827612	0.7955057	0.4668761	0.7474755	0.7355815	0.4476037	0.6804239	0.6945803	0.6113271	0.5256795	0.6351785	0.3548330	0.7103271	0.0598485	0.5408123
0.0757945	0.5415360	0.2775173	0.7746962	0.0207568	0.0919413	0.0213156	0.5981076	0.0733013	0.0000401	0.3411632	0.1974231	0.0176571	0.2816676	0.3630495	0.6710165	0.3560767	0.2083225	0.0504378	0.1075021	0.0807020	0.3711204	0.5640643	0.1132026	0.6836491	0.0430245	0.3258492	0.2423720	0.7192347	0.0068273	0.1388465	0.6396212	0.5640825	0.0000000	0.7642705	0.5561147	0.6313972	0.6164204	0.3425274	0.1461386	0.4764169	0.8744108	0.3955056	0.5150526	0.2784721	0.1380959	0.5954055	0.7418367	0.3671631	0.0029274	0.7860431	0.7580560	0.3611431	0.6471780	0.1729641	0.3785943	0.2382903	0.5752799	0.2651966	0.7056385	0.2337090	0.5900910	0.0606187	0.6988860	0.5741097	0.5361163	0.6764829	0.3732173	0.7129112	0.5741441	0.4278776	0.5757706	0.5874865	0.4935871	0.5346880	0.6409213	0.2575722	0.7335122	0.0385183	0.4434502
0.0450920	0.5466201	0.2660126	0.7023979	0.0272587	0.0521833	0.0264910	0.7447082	0.0308181	0.0018118	0.2389600	0.1525144	0.0023106	0.2527878	0.2921492	0.7449699	0.3727841	0.2792173	0.0057576	0.1353287	0.1033565	0.3241295	0.6352307	0.1353460	0.8025756	0.0477625	0.3469780	0.1931259	0.0212524	0.0106690	0.1673441	0.5469663	0.2475912	0.7326505	0.0000000	0.0017542	0.2630381	0.1067383	0.1658104	0.0903125	0.4587461	0.6567064	0.5286451	0.3730169	0.2797871	0.1643045	0.5583488	0.6800528	0.3543711	0.0039853	0.6450216	0.5432224	0.4105635	0.8625851	0.2034276	0.4160747	0.1440288	0.5509864	0.4120826	0.8007882	0.1739956	0.7677194	0.0518014	0.6638529	0.5304074	0.6096961	0.7442541	0.4506402	0.7949197	0.7284927	0.4222728	0.4234321	0.7159299	0.6312215	0.6480296	0.6565180	0.3224921	0.8149414	0.0635216	0.3164767
0.0896788	0.9118742	0.3329093	0.7323818	0.0179533	0.0591547	0.0431245	0.7481461	0.0321123	0.0000846	0.3581199	0.1804604	0.0168452	0.3148511	0.2593474	0.6896120	0.4601567	0.2445549	0.0158279	0.1131391	0.1198161	0.3926039	0.7362882	0.1428847	0.6466786	0.0112506	0.2571267	0.2953117	0.0441949	0.0075142	0.1499150	0.7345928	0.1688596	0.6806879	0.1058479	0.0000000	0.2228331	0.1045992	0.1631902	0.1297274	0.4757863	0.7125362	0.4920949	0.4077984	0.2738426	0.1056315	0.5615630	0.7719207	0.3189950	0.0033585	0.6331472	0.7999851	0.3841468	0.8047029	0.2178702	0.3906814	0.1701132	0.6998901	0.2844460	0.7224214	0.2475340	0.5813338	0.0341696	0.7399855	0.4957140	0.3919840	0.7909560	0.3310104	0.6573624	0.7595169	0.4729893	0.6254549	0.7145338	0.5968924	0.4819860	0.6844311	0.2159630	0.6944987	0.0269966	0.4372958
0.1368796	0.6301002	0.2792881	0.7108129	0.0219844	0.0392108	0.0307223	0.6681141	0.0798586	0.0002861	0.2763581	0.1945971	0.0236671	0.3113633	0.3690141	0.4487044	0.3551032	0.4001201	0.0199506	0.1095535	0.1279933	0.4121441	0.5845555	0.1675066	0.7033077	0.0258165	0.3158600	0.2850182	0.0403386	0.0116537	0.1762402	0.6224596	0.2060255	0.7418707	0.1460717	0.0040976	0.0000000	0.1193369	0.1460446	0.1467631	0.3728648	0.7487064	0.6073782	0.4628400	0.2969423	0.1318756	0.5818048	0.6794399	0.3700465	0.0009454	0.5909497	0.6101913	0.3210367	0.7508252	0.2047182	0.4358150	0.1728513	0.5311279	0.3477596	0.5885958	0.1998009	0.6103417	0.0479055	0.6269088	0.4764962	0.6190561	0.7533507	0.3795192	0.5946795	0.6850623	0.5133880	0.5589193	0.6805640	0.6569329	0.4492867	0.6995040	0.3013317	0.8199821	0.0195269	0.3891965
0.0968896	0.6755411	0.2949679	0.6999499	0.0271507	0.0476760	0.0357511	0.6641847	0.0656432	0.0001647	0.3611990	0.1418119	0.0426055	0.2436775	0.3426495	0.6652755	0.4416239	0.2504960	0.0267018	0.0790546	0.1208183	0.4131412	0.5824582	0.1059239	0.7322675	0.0296848	0.3714050	0.1999320	0.0481271	0.0153340	0.2340907	0.6482622	0.1849737	0.6665276	0.0788719	0.0016528	0.2438573	0.0000000	0.1970314	0.1651757	0.4669548	0.7883209	0.5087683	0.3871955	0.2225695	0.1218467	0.7293884	0.6431537	0.3487960	0.0004120	0.7136821	0.7344431	0.2370282	0.6243631	0.2354095	0.4941046	0.1475939	0.6957498	0.3219190	0.7432233	0.1845990	0.7756543	0.0325271	0.6804092	0.4337481	0.6140318	0.6834924	0.3501671	0.7357575	0.7340064	0.3991195	0.6684220	0.6827922	0.5589965	0.3844704	0.5679409	0.2882239	0.6564658	0.0211274	0.4275035
0.0589126	0.7063064	0.2636015	0.7379329	0.0176236	0.0425866	0.0519853	0.8052092	0.0371554	0.0010030	0.4333086	0.1744954	0.0102336	0.2185054	0.2451806	0.6324091	0.4278660	0.3108658	0.0505900	0.2116727	0.0902492	0.3305796	0.5705904	0.1385253	0.6037452	0.0547945	0.2193230	0.2489848	0.0463781	0.0053971	0.1920879	0.6657852	0.1712368	0.6546134	0.0807740	0.0024617	0.2161909	0.1396987	0.0000000	0.1557715	0.4051170	0.6281115	0.4141781	0.5293860	0.2652656	0.2018201	0.6481397	0.7998837	0.3247094	0.0025478	0.6631238	0.6491767	0.3237998	0.6785011	0.2425553	0.4021068	0.2826804	0.6879712	0.3549131	0.7520761	0.2393237	0.7815217	0.0745741	0.6413193	0.6187075	0.5871273	0.6243665	0.4618478	0.8124508	0.6845154	0.5837049	0.5965349	0.6326428	0.6512242	0.5065913	0.6792864	0.2980302	0.7612247	0.0422636	0.4564573
0.0687845	0.6487773	0.3434113	0.6067210	0.0352621	0.0803614	0.0297936	0.6086349	0.0749513	0.0011352	0.2713946	0.2071626	0.0151474	0.2865480	0.2471288	0.6228688	0.3607236	0.2238068	0.0377910	0.0935292	0.1242306	0.3769019	0.6214073	0.1006076	0.6737644	0.0690002	0.2203949	0.1951953	0.0288499	0.0049790	0.1512078	0.6183436	0.1452616	0.6502151	0.0703005	0.0006946	0.2546383	0.1026612	0.1771630	0.0000000	0.3856224	0.7362276	0.5497299	0.4142692	0.2655458	0.1987278	0.6471505	0.6890560	0.2801716	0.0026576	0.7022156	0.6046635	0.3334895	0.8587245	0.2139379	0.5078855	0.1590084	0.6158296	0.4226376	0.7163204	0.1726118	0.6588357	0.0915302	0.6817169	0.5998694	0.4631597	0.6158424	0.6389852	0.6508912	0.8467280	0.4240010	0.7374583	0.6061008	0.6339437	0.4974739	0.6496845	0.2088525	0.6959069	0.0509499	0.3983546
0.0650947	0.6272175	0.3197723	0.6632617	0.0121107	0.0398809	0.0618707	0.6584396	0.0666622	0.0007475	0.3265298	0.1970748	0.0182919	0.2967629	0.3945024	0.7494616	0.3211154	0.2333290	0.0276592	0.0769012	0.0981403	0.3736244	0.5493402	0.1522349	0.7744966	0.0426116	0.2325674	0.2688217	0.0440935	0.0016988	0.0791430	0.6069305	0.1330146	0.7326551	0.0720397	0.0043092	0.1973358	0.1534107	0.1312514	0.0670747	0.0000000	0.7266703	0.5658280	0.5380907	0.2771029	0.1333110	0.5938474	0.8579016	0.3799952	0.0023046	0.6898506	0.5999779	0.3516268	0.6667034	0.2948105	0.3867833	0.1403507	0.5647759	0.4054063	0.6651120	0.2115519	0.7164528	0.0437968	0.6143278	0.5604891	0.5844522	0.6538181	0.4165679	0.6484022	0.6372834	0.3695914	0.5720394	0.7626320	0.5848183	0.4519552	0.7437552	0.2777517	0.8697893	0.0262610	0.4155154
0.0857168	0.7230655	0.2540562	0.7069203	0.0274863	0.0631894	0.0329627	0.7191855	0.0387288	0.0006409	0.2791438	0.1366426	0.0196858	0.3202063	0.2759707	0.7374381	0.4736391	0.2367770	0.0255886	0.1359325	0.0630368	0.4666566	0.6495970	0.1564051	0.6390881	0.0547567	0.1768721	0.3037972	0.0308452	0.0152516	0.1821093	0.0125666	0.1386717	0.7925074	0.1149802	0.0013335	0.2150952	0.1734538	0.1652579	0.1193187	0.2785848	0.0000000	0.0351360	0.3981146	0.1363853	0.1018419	0.3332300	0.7512694	0.1312378	0.0018308	0.0734332	0.7280227	0.3233782	0.7907412	0.2190123	0.3735149	0.1709024	0.6071626	0.3629031	0.8623926	0.1985672	0.5813024	0.0529091	0.6111646	0.6054340	0.5067914	0.6470034	0.3700954	0.6617962	0.7129791	0.3902205	0.6137065	0.9006572	0.5057749	0.3658680	0.6878557	0.2904571	0.6580652	0.0381458	0.3818599
0.0881230	0.6933634	0.3308385	0.6324752	0.0161127	0.0669258	0.0766578	0.6912017	0.0494889	0.0002781	0.3078514	0.2146998	0.0453901	0.2437535	0.3506854	0.6623970	0.4521797	0.2310247	0.0197554	0.1094242	0.1158934	0.3937047	0.6785549	0.1582902	0.7727258	0.0370512	0.3718721	0.3321492	0.0182816	0.0283727	0.1763424	0.7217796	0.1395361	0.6522549	0.1446576	0.0017874	0.1786543	0.1659444	0.2061347	0.1197620	0.4558778	0.5735445	0.0000000	0.4468595	0.2896516	0.1634040	0.6386569	0.7476245	0.3590771	0.0003054	0.6079115	0.6636817	0.3855953	0.6444736	0.2419628	0.4962855	0.0952137	0.6934745	0.4128263	0.5542368	0.1940742	0.5817496	0.0710873	0.6964718	0.5942778	0.5863885	0.7742121	0.3551457	0.7243180	0.7756112	0.4238150	0.5610123	0.6165896	0.5175941	0.4729874	0.6588215	0.4145284	0.6687213	0.0319343	0.4376194
0.1063865	0.7348751	0.2934328	0.6176791	0.0145646	0.0310490	0.0313745	0.5761645	0.0523959	0.0008447	0.2389938	0.1720500	0.0106663	0.2503646	0.2999005	0.7253479	0.4215405	0.2815982	0.0216311	0.0867285	0.0930189	0.3391568	0.6608427	0.1060176	0.7694544	0.0622492	0.1925032	0.1940657	0.0251077	0.0195871	0.2194022	0.5779807	0.1159317	0.8255768	0.1137786	0.0004758	0.2026213	0.0797360	0.1522280	0.0948711	0.4254513	0.6702249	0.4403519	0.0000000	0.3468624	0.1783387	0.6088852	0.6684203	0.3964390	0.0007271	0.6618751	0.8628152	0.2895082	0.7028024	0.2282191	0.2843879	0.1279368	0.6579805	0.3073838	0.6084075	0.2611450	0.7880398	0.0337365	0.5888584	0.5261180	0.6694162	0.7021559	0.4365398	0.7133768	0.5897047	0.3810472	0.5604492	0.7132778	0.5106525	0.4817567	0.7972914	0.2356048	0.7969978	0.0402671	0.3991986
0.1071291	0.6554070	0.3224595	0.7129143	0.0661535	0.0402292	0.0200896	0.7071825	0.0452196	0.0019494	0.2993204	0.1344994	0.0096785	0.3490825	0.2766141	0.6385698	0.3714094	0.2500360	0.0269193	0.1662097	0.0798559	0.2920899	0.3768399	0.1231425	0.6379010	0.0443605	0.3274639	0.2960973	0.0611063	0.0173812	0.1205190	0.7525683	0.0958740	0.6753558	0.1060349	0.0049469	0.3008116	0.1048132	0.1203386	0.0943746	0.4439644	0.7288208	0.4771357	0.5071489	0.0000000	0.1441429	0.5569669	0.7080541	0.3313802	0.0031326	0.5501776	0.6503581	0.3935288	0.7181308	0.2260924	0.3631419	0.0772984	0.5645324	0.3903915	0.7203732	0.2753465	0.5383078	0.0412034	0.6345896	0.5891920	0.5122245	0.7894624	0.4521552	0.7047505	0.6630957	0.3686642	0.5605123	0.6523230	0.6217582	0.4516212	0.7227480	0.2703982	0.6562938	0.0282339	0.3923962
0.0915849	0.6993640	0.3498989	0.7225701	0.0206986	0.0494219	0.0353583	0.6872338	0.0978827	0.0000400	0.4308449	0.1873566	0.0084126	0.2859235	0.3495826	0.6727792	0.4340499	0.3031399	0.0100078	0.1230640	0.1043716	0.3954400	0.5040984	0.1680312	0.7060375	0.0343887	0.3313908	0.3056975	0.0629111	0.0392330	0.2651103	0.6558731	0.1426540	0.7005443	0.1055177	0.0116309	0.2889737	0.1055363	0.2299428	0.1654052	0.4426206	0.6549990	0.4379528	0.4373822	0.2758872	0.0000000	0.5895662	0.7734023	0.4766619	0.0026689	0.6506600	0.7400302	0.3438232	0.6450768	0.2114435	0.3626337	0.1945067	0.5461175	0.3589271	0.7841482	0.2388268	0.8068705	0.0301156	0.6320400	0.5659088	0.4241952	0.6940436	0.3635333	0.7705586	0.8013273	0.4937525	0.5803865	0.6572763	0.5490194	0.3886009	0.6273655	0.2432192	0.6798799	0.0379950	0.4516905
0.0772743	0.8129703	0.2808699	0.7881319	0.0174704	0.0427684	0.0331991	0.6637066	0.0439623	0.0009092	0.2367408	0.1495884	0.0206822	0.2488259	0.3776326	0.6584823	0.2901644	0.2182186	0.0242103	0.0964026	0.0863370	0.3319109	0.5589900	0.0934499	0.7477152	0.0513092	0.2819916	0.1754125	0.0654581	0.0383691	0.1459417	0.5965624	0.1692813	0.6160609	0.1909184	0.0063368	0.3039509	0.1335375	0.1608252	0.1524751	0.4116869	0.8311477	0.5018021	0.4432167	0.4147938	0.1605330	0.0000000	0.8044086	0.3243939	0.0023384	0.6220282	0.7181482	0.2965960	0.6958782	0.1470467	0.4324529	0.1610466	0.5841322	0.3521615	0.7543551	0.2251731	0.6335019	0.0681229	0.5964250	0.5199758	0.3785965	0.8240315	0.4339151	0.6653027	0.7106962	0.4019869	0.6071777	0.7198768	0.5889896	0.5408118	0.7082184	0.3091286	0.7098361	0.0137069	0.4014915
0.1709093	0.7273315	0.2494644	0.6210293	0.0345040	0.0259570	0.0529844	0.6289908	0.0391583	0.0015812	0.3086225	0.1726859	0.0092870	0.2857553	0.2988423	0.6536055	0.3797545	0.2676015	0.0153936	0.0946495	0.1326960	0.2741067	0.4559956	0.1246182	0.6815738	0.0232612	0.2989590	0.2422541	0.0500377	0.0245626	0.2516572	0.5491288	0.1179076	0.8567939	0.1133769	0.0007896	0.2221993	0.0802498	0.2130421	0.1300404	0.4337617	0.7607205	0.4676420	0.4257911	0.5386947	0.3162675	0.7188013	0.0000000	0.6742081	0.0228602	0.7098470	0.8655265	0.5826501	0.8228234	0.4480860	0.4783505	0.6820249	0.6992889	0.7046956	0.6710221	0.2843248	0.5893531	0.0406127	0.5305556	0.5490297	0.6383801	0.7830104	0.3428759	0.5789475	0.5936855	0.4351959	0.6617675	0.6703577	0.6252337	0.4284488	0.6365733	0.2907043	0.7301305	0.0508988	0.4603906
0.0855431	0.6425902	0.3376480	0.6776485	0.0196611	0.0429801	0.0728700	0.6182074	0.0707117	0.0010293	0.2889195	0.1435757	0.0283210	0.2904236	0.3030029	0.6245149	0.3451552	0.2873453	0.0130958	0.0706018	0.0768819	0.4298162	0.6343248	0.0871650	0.7831961	0.0262575	0.3640833	0.2857136	0.0430846	0.0081880	0.1098017	0.7025257	0.1759727	0.7608920	0.1053847	0.0017124	0.2796402	0.1266104	0.1975287	0.1308223	0.4105946	0.6689218	0.4212205	0.4462426	0.2601553	0.1247629	0.7786147	0.7045373	0.0000000	0.0029677	0.6707350	0.7118986	0.3159726	0.6782237	0.1815689	0.4955614	0.1237546	0.5768894	0.3266854	0.7366251	0.3278898	0.6849962	0.0525975	0.6947378	0.5347765	0.5037816	0.6566794	0.3770481	0.7182666	0.7508672	0.4515388	0.5980815	0.6082599	0.5862388	0.3865693	0.6007729	0.3552507	0.8203716	0.0433469	0.4912594
0.0710322	0.6314359	0.3264638	0.7384214	0.0153593	0.0568962	0.0333585	0.7162465	0.1107941	0.0034509	0.3086444	0.1705542	0.0131825	0.2738472	0.2156446	0.6826325	0.4397028	0.2196236	0.0116668	0.0860111	0.0808038	0.3547216	0.6331582	0.0992315	0.7277884	0.0499921	0.3040039	0.1337832	0.0510801	0.0124682	0.1547786	0.6571583	0.1741273	0.7355368	0.1072431	0.0029444	0.3332512	0.1195126	0.1862788	0.1483601	0.4864182	0.7219901	0.4844764	0.5800955	0.2231628	0.1573345	0.6400835	0.7458919	0.4011834	0.0000000	0.7342487	0.7639866	0.3791017	0.6532689	0.1891498	0.2960160	0.0977061	0.5978155	0.4900169	0.6783237	0.2385492	0.6675130	0.0542387	0.6356477	0.4680316	0.4756374	0.7510577	0.3883416	0.7669284	0.7611704	0.4829208	0.5167922	0.7419028	0.6916244	0.4507285	0.6611814	0.2590589	0.6414622	0.0474348	0.2858804
0.0891534	0.6655478	0.2687336	0.6483789	0.0149103	0.0617476	0.0332547	0.7757809	0.0836429	0.0038450	0.2824207	0.1332082	0.0313652	0.2697963	0.3776163	0.7695571	0.4095204	0.2940908	0.0246018	0.0634859	0.0969412	0.3379719	0.6759346	0.2099350	0.8607875	0.0497719	0.2523246	0.3345446	0.0539548	0.0192746	0.2676058	0.6171796	0.0850913	0.7068948	0.0870780	0.0038649	0.2440350	0.1557711	0.1309826	0.1161946	0.4979697	0.7225145	0.5757094	0.4785987	0.2829234	0.1504501	0.7561498	0.5917955	0.2738156	0.0099625	0.0000000	0.6577793	0.3708034	0.7294516	0.1925037	0.5379940	0.2121060	0.5429227	0.3562898	0.7715528	0.2263851	0.5852549	0.0499022	0.5591193	0.5092504	0.5141576	0.5727108	0.4432051	0.6354243	0.7322841	0.4584295	0.5265328	0.7119665	0.5357348	0.4925735	0.8454410	0.3026373	0.5681754	0.0311631	0.4358860
0.0958778	0.7092034	0.3492594	0.7456834	0.0210409	0.0413609	0.0315414	0.7994556	0.0686809	0.0000837	0.2674678	0.1430516	0.0153006	0.2549538	0.3516871	0.6403067	0.4281241	0.3268966	0.0066181	0.1583787	0.1189978	0.4005471	0.6315434	0.1009845	0.7334275	0.0583174	0.3250732	0.3139850	0.0206697	0.0452725	0.1686516	0.7303568	0.1633436	0.7352319	0.1079983	0.0009050	0.1644526	0.1197474	0.2510614	0.1076864	0.4968165	0.6659674	0.4319284	0.4168974	0.3809647	0.4490905	0.7501201	0.6798306	0.4294702	0.0232755	0.6381162	0.0000000	0.3489687	0.8123567	0.2286099	0.3598855	0.6187939	0.6057519	0.1162593	0.7696650	0.5152477	0.6868740	0.0350404	0.6832024	0.6216990	0.5746433	0.6655424	0.4209305	0.3822715	0.7750425	0.0512839	0.3952118	0.3302999	0.3675638	0.5311037	0.5315231	0.2547288	0.0114545	0.0514752	0.4750041
0.0486255	0.6725999	0.2705778	0.7237067	0.0290817	0.0637345	0.0578882	0.7471553	0.0556051	0.0004034	0.2713530	0.1689134	0.0069311	0.2191713	0.4156073	0.6216827	0.3856612	0.4237831	0.0254530	0.1003545	0.1649673	0.3389637	0.5171708	0.1213762	0.7340637	0.0736171	0.4406280	0.2018465	0.0434789	0.0103304	0.1760111	0.5706224	0.1125845	0.5933128	0.0706742	0.0006261	0.2342187	0.1016366	0.1886009	0.2065771	0.3480643	0.6445699	0.4340592	0.4012800	0.2729954	0.1381915	0.5488218	0.7096900	0.4453769	0.0051199	0.6131528	0.8641618	0.0000000	0.7641977	0.1676323	0.3372478	0.1304233	0.6090491	0.3454452	0.7330254	0.2129000	0.7379596	0.0662630	0.5785369	0.5953343	0.6197353	0.7535318	0.3839970	0.7174875	0.6479596	0.4195840	0.6091001	0.5890384	0.5234167	0.3558931	0.7208382	0.2767429	0.6871401	0.0549459	0.4444621
0.1124124	0.7325823	0.2293963	0.7661552	0.0264080	0.0268440	0.0373239	0.6521225	0.0717832	0.0001447	0.3929891	0.1664818	0.0096714	0.2514441	0.2240453	0.5766094	0.3495819	0.2211833	0.0214303	0.3853247	0.1078926	0.3633197	0.6750334	0.1182767	0.8022777	0.0345545	0.2094028	0.4452959	0.0547958	0.0161531	0.3479830	0.7072844	0.1394173	0.5202810	0.1784689	0.0030822	0.2282640	0.0819545	0.1823852	0.0855514	0.4434875	0.8801700	0.5594577	0.4853111	0.6214554	0.4262783	0.7346252	0.7151022	0.3427364	0.0695205	0.6111906	0.7798341	0.4522082	0.0000000	0.3876563	0.5796717	0.6889197	0.6438259	0.7042697	0.6638659	0.3406972	0.6298776	0.4151228	0.7095501	0.8437244	0.6243442	0.7891106	0.4335454	0.6297287	0.7902223	0.5781502	0.6907563	0.2777275	0.3885364	0.5653771	0.2643830	0.4010996	0.0133939	0.0443862	0.4713086
0.0555205	0.7210900	0.3018236	0.7208744	0.0327024	0.0317070	0.0194408	0.8110567	0.0651590	0.0002719	0.2838053	0.1790845	0.0107323	0.3821842	0.3114766	0.5982642	0.4067529	0.2728382	0.0349550	0.1335971	0.0729644	0.3370754	0.6532992	0.1761591	0.7423745	0.0798030	0.2130782	0.2316157	0.0353594	0.0183975	0.1569064	0.5905662	0.1205669	0.7281195	0.0760157	0.0010128	0.2382746	0.0738994	0.1582608	0.1000809	0.5403195	0.6405009	0.3778377	0.4472037	0.3088863	0.0940243	0.5870793	0.6951739	0.3136190	0.0003674	0.5134570	0.7751353	0.4239408	0.5900306	0.0000000	0.4131043	0.0893737	0.5857706	0.3390908	0.6900965	0.2319730	0.7353828	0.0562316	0.6394493	0.4464312	0.5610761	0.7110456	0.3884799	0.7159252	0.7597510	0.3948260	0.6143517	0.7648189	0.7180047	0.4608011	0.7021433	0.2468718	0.7648047	0.0940138	0.4733637
0.0722652	0.7105334	0.2283257	0.6575510	0.0216918	0.0589033	0.0647763	0.6714777	0.0679182	0.0006421	0.3774623	0.1476036	0.0218500	0.2783562	0.3718737	0.6887858	0.3749066	0.3427440	0.0328989	0.1215558	0.0907132	0.3975811	0.6247331	0.2197463	0.6375574	0.0356540	0.2839004	0.3049047	0.0182025	0.0194008	0.1605298	0.5270824	0.1859883	0.6792384	0.1025565	0.0020076	0.2424892	0.1539489	0.2002193	0.1547841	0.4319310	0.6933731	0.6078593	0.4423437	0.2735859	0.0957721	0.6538502	0.7525864	0.3017863	0.0003455	0.6571133	0.7266952	0.3336292	0.8371865	0.2097123	0.0000000	0.1338847	0.5742379	0.3516319	0.6512901	0.2134583	0.5173761	0.0381105	0.6924577	0.5920753	0.4551891	0.5903441	0.4275325	0.7422912	0.5909899	0.5837129	0.6580494	0.6469429	0.6378840	0.4634411	0.7335040	0.3183158	0.7568231	0.0463462	0.4004065
0.0669324	0.7664483	0.2444141	0.7408298	0.0124745	0.0670742	0.0237250	0.6939310	0.0378977	0.0014284	0.2842510	0.1726491	0.0235064	0.2219307	0.2683690	0.6934467	0.3772488	0.2015674	0.0142131	0.1781966	0.1054325	0.3497464	0.5929694	0.1129055	0.5804554	0.0546659	0.1575725	0.2604706	0.0296478	0.0124807	0.1084270	0.6003564	0.1199244	0.8686673	0.0835997	0.0048225	0.2312325	0.2558312	0.1568321	0.1431069	0.4892548	0.7443283	0.5210763	0.5942106	0.2425364	0.1163747	0.6389300	0.7380424	0.3451313	0.0004777	0.6241704	0.6803997	0.3387153	0.7046624	0.1772463	0.3499565	0.0000000	0.6850873	0.4351778	0.7175738	0.2152510	0.7147961	0.0600086	0.5824107	0.6632903	0.4465394	0.7851558	0.4288164	0.6889603	0.8744168	0.5512218	0.5833872	0.7633822	0.6538114	0.4876703	0.7475187	0.2288830	0.8056728	0.0812255	0.4173927
0.0997530	0.7847200	0.2810430	0.6505810	0.0521322	0.0617025	0.0585384	0.7591270	0.0459608	0.0036956	0.2881192	0.1317770	0.0161696	0.2843014	0.3251353	0.6431487	0.4080257	0.2841945	0.0243105	0.0853237	0.1191049	0.3767807	0.5413160	0.1024829	0.6682664	0.0514591	0.2787452	0.2843927	0.0289492	0.0272517	0.1458766	0.6524484	0.1178488	0.6926715	0.0955421	0.0094122	0.2835004	0.1141363	0.1942496	0.1655443	0.4572966	0.6116459	0.5305793	0.3990103	0.3694202	0.1509488	0.5779407	0.6627321	0.3795295	0.0010609	0.6228059	0.6944816	0.3153657	0.7726522	0.2410400	0.4343335	0.1550891	0.0000000	0.4188989	0.7000955	0.2279009	0.7931053	0.0480060	0.5684511	0.5218236	0.5596147	0.7122466	0.3501028	0.7965284	0.6669966	0.4356917	0.6067955	0.6047689	0.6265908	0.4607734	0.7183076	0.3376915	0.6384951	0.0611220	0.4045509
0.0827609	0.5910416	0.3002864	0.7835905	0.0192661	0.0443380	0.0606680	0.7650652	0.0719567	0.0007772	0.2669787	0.1338700	0.0094139	0.2945178	0.3368040	0.7020509	0.4228875	0.3188632	0.0289096	0.1087114	0.0950962	0.4589673	0.6011134	0.1476189	0.6471341	0.0321127	0.2791043	0.2523906	0.0482083	0.0046703	0.1288909	0.7364721	0.1259507	0.5771437	0.0583193	0.0025104	0.2488863	0.1379228	0.1873354	0.1126524	0.3845107	0.7238035	0.4638114	0.4054612	0.3237545	0.1587230	0.6639067	0.5906875	0.3963122	0.0011724	0.4681142	0.7723490	0.4128153	0.5739479	0.2262561	0.4116778	0.2046108	0.6944003	0.0000000	0.6330553	0.2689484	0.6886613	0.0302644	0.6125964	0.5368257	0.5903431	0.7907384	0.3567650	0.7295563	0.5346975	0.4692898	0.4799118	0.5793205	0.6346992	0.4906368	0.7309438	0.2606064	0.7358039	0.0388153	0.4377912
0.0835535	0.6638341	0.3555592	0.7185255	0.0446820	0.0954763	0.0410338	0.8554235	0.0753654	0.0002135	0.3761625	0.1722091	0.0187573	0.2587358	0.3293982	0.6827143	0.4170155	0.2199405	0.0021579	0.4608818	0.1028334	0.3555415	0.6584090	0.1082915	0.8690432	0.0533469	0.2304813	0.5240446	0.0350753	0.0116637	0.3152101	0.5500940	0.1445424	0.6393245	0.1244562	0.0025887	0.2439561	0.0989334	0.1645635	0.1325857	0.4057521	0.7748653	0.5829404	0.4204443	0.6017402	0.2553559	0.4911931	0.7309571	0.4056177	0.0858036	0.6882299	0.6443450	0.3038126	0.0263532	0.4855217	0.3516860	0.0119567	0.6150315	0.7635996	0.0000000	0.3032394	0.3874094	0.0463169	0.7083067	0.6304803	0.5926599	0.7048445	0.4588345	0.6638256	0.6130154	0.4975321	0.6658924	0.4185283	0.5967837	0.6176921	0.3728515	0.4551874	0.8298403	0.0416720	0.4558334
0.0858363	0.7328190	0.3652450	0.7165627	0.0174745	0.0863980	0.0581494	0.6971527	0.0852391	0.0002202	0.3441689	0.1665259	0.0393101	0.2722837	0.3448498	0.7067653	0.4035395	0.2730911	0.0120875	0.1182898	0.0979771	0.3143173	0.5138413	0.1723936	1.0000000	0.0625308	0.2905794	0.2860247	0.0284753	0.0232723	0.2612160	0.4805138	0.1246781	0.8368395	0.1063105	0.0100852	0.3614042	0.0984617	0.2141898	0.1721023	0.5200017	0.6480640	0.4692874	0.5103444	0.2703284	0.1425643	0.6065353	0.8286881	0.3671214	0.0021787	0.6563213	0.6742313	0.2984707	0.8289895	0.2124989	0.4839652	0.1872781	0.5240008	0.4442553	0.6224266	0.0000000	0.6827952	0.0596907	0.5385712	0.5067093	0.5738192	0.7335327	0.3677501	0.7817105	0.6399041	0.4779838	0.5831796	0.6534932	0.5872664	0.5637463	0.6289499	0.4136999	0.8046797	0.1095856	0.5291323
0.1371915	0.6461811	0.2032503	0.7170946	0.0385783	0.0759052	0.0340929	0.7274391	0.0383095	0.0000338	0.2911561	0.1114584	0.0082803	0.2627424	0.3730846	0.6412577	0.4337813	0.3457996	0.0196669	0.1032018	0.1134665	0.3628128	0.4919477	0.1575370	0.7319224	0.0474551	0.3139937	0.2820138	0.0392784	0.0277197	0.1590916	0.7060382	0.1009046	0.7931985	0.0593665	0.0055345	0.2930471	0.1116789	0.1894036	0.1550566	0.4626519	0.7503215	0.5081597	0.4929730	0.3560741	0.1255592	0.6828462	0.6492075	0.3875204	0.0002335	0.6928281	0.6387176	0.3657306	0.6663041	0.2257986	0.3323715	0.1940588	0.6205959	0.3362668	0.8130263	0.2643625	0.0000000	0.0586553	0.6058871	0.4407668	0.5835118	0.7535159	0.3814048	0.6796576	0.6883223	0.4101517	0.6024926	0.6339174	0.5619462	0.4279714	0.6272701	0.2628003	0.7293234	0.0339291	0.5006619
0.0943250	0.6649601	0.3388500	0.6959418	0.0131300	0.0695715	0.0683549	0.6852238	0.0579670	0.0020836	0.4473241	0.1532660	0.0302317	0.3189875	0.5007748	0.5206367	0.3529789	0.3096132	0.0229639	0.1674891	0.1044964	0.3611076	0.5866124	0.1529675	0.6591322	0.0458520	0.3165977	0.2141671	0.0422860	0.0232961	0.2025151	0.5659652	0.1589063	0.7108254	0.1172429	0.0069364	0.2188287	0.1557510	0.2164933	0.1536104	0.4116675	0.7761816	0.4897437	0.4609416	0.2765327	0.1399769	0.5202574	0.7310786	0.4155238	0.0042271	0.6226169	0.7426130	0.3552165	0.6058682	0.1529192	0.4715278	0.1598153	0.6956434	0.4559182	0.7995839	0.2638168	0.8020762	0.0000000	0.5854730	0.4297727	0.5380083	0.7045127	0.4696772	0.7504291	0.7956007	0.3646899	0.7308331	0.7132839	0.5647890	0.4097041	0.7360610	0.2945076	0.6288643	0.0349629	0.5683794
0.0542814	0.6465831	0.2277079	0.6563474	0.0134360	0.0477064	0.0325673	0.7016029	0.0556309	0.0023639	0.3718871	0.1548377	0.0087487	0.2331019	0.2895492	0.7421018	0.3505515	0.2198693	0.0223865	0.1004262	0.0840912	0.4401676	0.6001074	0.1470456	0.7193119	0.0569410	0.2508252	0.2641089	0.0136022	0.0495438	0.2195809	0.7360866	0.1179769	0.7322751	0.0930237	0.0051047	0.2733345	0.0856261	0.1712058	0.1612389	0.4761395	0.8625434	0.5751844	0.5330709	0.3422701	0.1494460	0.7048098	0.7317651	0.2809343	0.0038831	0.7744548	0.6735835	0.3167614	0.6693922	0.1923169	0.4353429	0.1710979	0.5737298	0.3734224	0.6750808	0.2491704	0.6095599	0.0433128	0.0000000	0.5020714	0.5084931	0.5665221	0.4868505	0.6779965	0.6808966	0.4694140	0.5342457	0.6090764	0.7057503	0.4922349	0.6221548	0.2873541	0.7774711	0.0278962	0.4246849
0.0553332	0.6681976	0.2619487	0.7322427	0.0377961	0.0962242	0.0468602	0.6522158	0.0727452	0.0005756	0.3292824	0.1674498	0.0112983	0.2327647	0.3577687	0.6861544	0.4786232	0.2840152	0.0361507	0.0871436	0.1227836	0.4102536	0.6375373	0.1733184	0.6872411	0.0279779	0.4233068	0.3781801	0.0253434	0.0103969	0.2689886	0.5551311	0.1297277	0.7344555	0.1136954	0.0011707	0.3176119	0.1206150	0.1957862	0.1685677	0.3930705	0.6022977	0.5288669	0.4903331	0.3055886	0.1367984	0.6159714	0.7098963	0.3900453	0.0006241	0.6191079	0.7539710	0.2821365	0.7569659	0.2066022	0.4440803	0.1462390	0.6833934	0.4316810	0.5571847	0.3436740	0.7730538	0.0448286	0.5942139	0.0000000	0.6494173	0.6400112	0.3388390	0.6772656	0.6910012	0.4748656	0.6095407	0.6846157	0.6215797	0.4199855	0.7012085	0.3250498	0.8323748	0.0258396	0.5265287
0.0796745	0.7900407	0.2966770	0.7022603	0.0463235	0.0626806	0.0640672	0.6940814	0.0619170	0.0008428	0.3190474	0.1852254	0.0245901	0.2133254	0.2434132	0.7629673	0.3481793	0.1932894	0.0232489	0.1197187	0.0539188	0.3735357	0.5262644	0.0861133	0.7518048	0.0237083	0.2318672	0.1570843	0.0465247	0.0199495	0.1715796	0.6591091	0.0785066	0.6175567	0.1001028	0.0029714	0.2866484	0.1283745	0.1832839	0.0773836	0.5723004	0.6442693	0.4849502	0.5107492	0.3530104	0.2157071	0.6267636	0.7196868	0.3937031	0.0010923	0.7431294	0.6698818	0.3068247	0.8020436	0.2136224	0.3250354	0.2341722	0.5789687	0.3742334	0.6987861	0.2911387	0.7223228	0.0659228	0.6412457	0.5893740	0.0000000	0.6950808	0.3463491	0.6418820	0.7078766	0.4291540	0.5705882	0.7166268	0.4864310	0.4311626	0.6981768	0.2270077	0.6670784	0.0412816	0.4382486
0.1078939	0.7346418	0.2816374	0.7432892	0.0341597	0.0540710	0.0386558	0.7109588	0.0527562	0.0014403	0.3927401	0.1695098	0.0259901	0.2667387	0.3140232	0.7096052	0.3727912	0.2111676	0.0075429	0.1351916	0.0713136	0.4379860	0.5397577	0.1716859	0.6780128	0.0360879	0.3060808	0.2410688	0.0667968	0.0043831	0.1965835	0.5007848	0.1289943	0.5549426	0.0934170	0.0018011	0.3186427	0.1888133	0.2526314	0.1450071	0.4146486	0.5852861	0.4512412	0.3619818	0.3205391	0.1812206	0.6372736	0.6105100	0.4145943	0.0026961	0.6586625	0.6411739	0.0105644	0.6929811	0.0228210	0.3079316	0.0208536	0.3690955	0.3279489	0.6698902	0.0098328	0.7021154	0.0287363	0.5780026	0.3739543	0.2139993	0.0000000	0.0115684	0.2583305	0.7582812	0.4494495	0.4640853	0.3171220	0.3554227	0.0715573	0.6529063	0.1308978	0.0047165	0.7900697	0.4204368
0.1089727	0.7195542	0.3059313	0.7598253	0.0175502	0.0811550	0.0355650	0.7833313	0.0678211	0.0011229	0.2921850	0.1484065	0.0143940	0.2521846	0.2434026	0.6732961	0.4159622	0.2978118	0.0087201	0.0704331	0.1006664	0.2680670	0.5168267	0.0955042	0.6164745	0.0262272	0.2072248	0.1965643	0.0342447	0.0051313	0.2196360	0.6059748	0.1453199	0.7328848	0.0845372	0.0004657	0.2705834	0.1157833	0.1835049	0.1052553	0.4601171	0.6225071	0.4688615	0.6063194	0.2596262	0.0996072	0.6184921	0.6667174	0.4546126	0.0003211	0.5341238	0.7093697	0.3545103	0.6100023	0.1761304	0.4292417	0.1576007	0.6163348	0.3956040	0.6703796	0.2045532	0.7766794	0.0638095	0.6375705	0.6010748	0.5541146	0.5745919	0.0000000	0.6642429	0.6642609	0.4624764	0.5910827	0.7044352	0.5795392	0.4962984	0.7622411	0.2657110	0.6014760	0.0452710	0.4064856
0.1052164	0.6591603	0.3024352	0.7886315	0.0211050	0.0656156	0.0223905	0.7014525	0.0726121	0.0001842	0.2822922	0.2051237	0.0441649	0.3256699	0.4295048	0.6055449	0.3831713	0.2204695	0.0252589	0.1275948	0.1379304	0.3261788	0.5899082	0.1140484	0.5696625	0.0372118	0.2553545	0.3380771	0.0241109	0.0107868	0.2152222	0.6706383	0.1569676	0.6515909	0.0909673	0.0028724	0.2609828	0.1435561	0.1015676	0.1333271	0.4699857	0.7218782	0.5546160	0.5111520	0.2891876	0.0765207	0.5349570	0.6439366	0.4162461	0.0027011	0.6112620	0.6333358	0.3918555	0.6525933	0.2196600	0.3652982	0.1303951	0.5162361	0.3729942	0.5868621	0.2103294	0.6151335	0.0325297	0.7417593	0.4917774	0.5296137	0.6431526	0.3035353	0.0000000	0.7215660	0.4546777	0.5320831	0.6378617	0.6856354	0.5309669	0.8287677	0.3055227	0.7915345	0.0491735	0.3827886
0.0677961	0.7667471	0.2327895	0.6729191	0.0985942	0.0644004	0.0563654	0.6771912	0.0429623	0.0027717	0.2939802	0.1710720	0.0221395	0.2318234	0.2607835	0.6951617	0.4231335	0.2454255	0.0233736	0.1652598	0.0778985	0.3409480	0.5975996	0.1003249	0.7355779	0.0466095	0.2289650	0.2074220	0.0275012	0.0080611	0.1914266	0.6704634	0.1311307	0.7403888	0.0966276	0.0022223	0.2235433	0.1041999	0.1349911	0.1269596	0.4059621	0.7325927	0.4753752	0.5604771	0.3556294	0.1515204	0.5984611	0.6671503	0.3530654	0.0042852	0.6006352	0.7398997	0.4030534	0.8196801	0.0967400	0.3858840	0.0059657	0.4510445	0.4529591	0.6694257	0.0197488	0.5918439	0.0249904	0.5951193	0.4777014	0.4254584	0.6615143	0.4649054	0.3936838	0.0000000	0.4708441	0.3895859	0.5345675	0.3661947	0.4103010	0.6426576	0.0759595	0.0087460	0.6687742	0.1638035
0.0824284	0.6572293	0.3072957	0.8245637	0.0275570	0.0696825	0.0188393	0.7244126	0.0594193	0.0011899	0.3087180	0.1377346	0.0151774	0.3023985	0.3665492	0.8346719	0.4155366	0.2621483	0.0152698	0.1311728	0.0634967	0.4599558	0.5205301	0.0998702	0.6114510	0.0506627	0.2893185	0.2018662	0.0378319	0.0084888	0.2222205	0.6668395	0.1882282	0.6848250	0.0761292	0.0052517	0.2338341	0.0903699	0.1871403	0.1077934	0.3980181	0.6696977	0.6027751	0.5590341	0.3602755	0.1378083	0.5613265	0.7538296	0.3800263	0.0002548	0.6165247	0.6743313	0.4752817	0.6602462	0.1826992	0.4051086	0.1380508	0.5762095	0.4546303	0.6043939	0.2439270	0.6170463	0.0268813	0.6929739	0.5225345	0.3853501	0.7177772	0.4199207	0.7072559	0.5930112	0.0000000	0.5826247	0.5548017	0.5458777	0.4514589	0.6000979	0.4039984	0.6272164	0.0372004	0.5339854
0.0532738	0.5880548	0.2217692	0.6656420	0.0260342	0.0465313	0.0305798	0.6538964	0.0328207	0.0025091	0.3011478	0.2255769	0.0245562	0.2909071	0.2843509	0.6298417	0.4053849	0.2402020	0.0155411	0.1267662	0.0941982	0.3759059	0.6471910	0.1221733	0.7120931	0.0701296	0.3396234	0.2444995	0.0199643	0.0254407	0.1740655	0.5590282	0.1213441	0.7485581	0.1026647	0.0009623	0.2656385	0.1151406	0.1883691	0.1647122	0.4652291	0.7025787	0.5170599	0.4445120	0.2959697	0.1139892	0.6135789	0.6665066	0.3942125	0.0004105	0.5510463	0.7356718	0.3251822	0.6782593	0.1753947	0.3953240	0.2150162	0.7172584	0.3357012	0.6771382	0.1946475	0.8322479	0.0731211	0.6285376	0.5114307	0.6295751	0.7332292	0.3822545	0.5458213	0.7345055	0.5263140	0.0000000	0.7223443	0.5408260	0.4569454	0.7094190	0.2839279	0.7235336	0.0578272	0.4249142
0.0712578	0.7314294	0.2489990	0.7724621	0.0421203	0.0583340	0.0490833	0.6663167	0.0407943	0.0000859	0.4130390	0.1631004	0.0148973	0.2865407	0.2859338	0.6171634	0.4565836	0.2526978	0.0093052	0.1288418	0.1114753	0.3454758	0.5299754	0.1663596	0.7443980	0.0542160	0.3801568	0.2526607	0.0229211	0.0094715	0.1363688	0.5869127	0.1119164	0.7028080	0.0784012	0.0031375	0.2807322	0.1404173	0.1892363	0.0971267	0.3566172	0.7030039	0.4744807	0.3505381	0.2632821	0.1489515	0.5877906	0.6775426	0.3484123	0.0051431	0.6912816	0.6766002	0.3376018	0.6526262	0.2581589	0.3781748	0.1490331	0.7184784	0.3991548	0.7509063	0.2215436	0.7381599	0.0566372	0.7208910	0.4488101	0.5120084	0.6302170	0.3650381	0.7210074	0.5966562	0.4277912	0.6062134	0.0000000	0.7393873	0.4842998	0.7215591	0.2730684	0.5246722	0.0310311	0.4846627
0.0526059	0.6815721	0.4224133	0.6862567	0.0211409	0.0398198	0.0344716	0.7614495	0.0789658	0.0088611	0.3100700	0.1386570	0.0143726	0.1959335	0.2567730	0.6021194	0.3425747	0.2767902	0.0324320	0.0966011	0.1196574	0.4639761	0.5866611	0.1722110	0.6672083	0.0164728	0.2319867	0.2367248	0.0480473	0.0112509	0.2039550	0.5806767	0.1458629	0.7802820	0.0601845	0.0039501	0.1980344	0.0991106	0.1246674	0.1415643	0.4580356	0.7614131	0.4942669	0.4981203	0.2250174	0.1171584	0.6237707	0.7654666	0.3775117	0.0088469	0.6723875	0.7120380	0.3802415	0.6096573	0.2351725	0.3173384	0.1601812	0.5464106	0.4230473	0.5930589	0.2537280	0.7095623	0.0631243	0.6695440	0.5082901	0.4689660	0.7639292	0.3489920	0.6919134	0.6579934	0.4134600	0.5981737	0.6596693	0.0000000	0.4428198	0.7722929	0.2923512	0.6116313	0.0393293	0.4608838
0.0470205	0.7735337	0.3538021	0.8527821	0.0474560	0.0397989	0.0324017	0.5899419	0.0611742	0.0008911	0.2900745	0.2268414	0.0217182	0.2345125	0.2240934	0.6576985	0.3205397	0.2518750	0.0091268	0.0974090	0.0653110	0.3154153	0.5688094	0.1283477	0.6535520	0.0612712	0.2018669	0.1851839	0.0501569	0.0129241	0.2082858	0.6786424	0.1243643	0.6631370	0.0954999	0.0023528	0.3011934	0.1081759	0.1653086	0.0907439	0.4530018	0.7829046	0.6378063	0.3965993	0.3168986	0.0971131	0.6110388	0.7299440	0.3440452	0.0031262	0.7791267	0.6992226	0.3958000	0.7708056	0.2220334	0.3985552	0.2200906	0.7002134	0.3902796	0.6371908	0.2846439	0.7210155	0.0690200	0.7267458	0.6259510	0.4833809	0.7068311	0.4845540	0.6197415	0.6784248	0.3825041	0.5981546	0.6854743	0.6976412	0.0000000	0.7979243	0.3113810	0.8518995	0.0253762	0.4797548
0.0954218	0.7791585	0.3256820	0.7674007	0.0216803	0.1052345	0.0420310	0.7388715	0.0514523	0.0000769	0.3377701	0.1457636	0.0185997	0.2666332	0.3216969	0.7277657	0.3549467	0.2929530	0.0200110	0.1259507	0.1305227	0.3218309	0.5806758	0.1038670	0.6493011	0.0391370	0.3868706	0.2601048	0.0648892	0.0133191	0.2046975	0.5397188	0.0931765	0.7472658	0.1377324	0.0010832	0.2229331	0.1071241	0.1970990	0.1700290	0.3699273	0.8180129	0.5140007	0.4193058	0.3605177	0.1038864	0.5373472	0.7376134	0.4015642	0.0020444	0.6286390	0.7107488	0.3492368	0.7116841	0.2462873	0.3106336	0.0965508	0.7022625	0.4086941	0.7133873	0.3019708	0.7740865	0.0707784	0.5764082	0.5244141	0.7563488	0.7090917	0.3591969	0.6557356	0.7895282	0.3723805	0.5543189	0.6951359	0.6561114	0.4154697	0.0000000	0.3270523	0.7732705	0.0475204	0.4119981
0.0816873	0.6550625	0.3122040	0.7599038	0.0243095	0.0912888	0.0631349	0.7476893	0.0852825	0.0011995	0.2975933	0.1465801	0.0015191	0.2729602	0.2853570	0.5917346	0.3426820	0.2220892	0.0192537	0.0737863	0.0588645	0.3457247	0.5881886	0.1306651	0.7490057	0.0620195	0.2085424	0.1770483	0.0209519	0.0110010	0.2103757	0.5917520	0.1540808	0.6086210	0.1347405	0.0027889	0.3157270	0.1193828	0.1733417	0.1227331	0.5304492	0.7433363	0.4784002	0.5682292	0.2546982	0.1044148	0.6471102	0.6507126	0.4137559	0.0013478	0.7060642	0.7179342	0.3546833	0.6675940	0.2478577	0.4564344	0.1970671	0.6325042	0.4353021	0.7054233	0.2833832	0.6049486	0.0359460	0.6185167	0.6030005	0.5634391	0.7219254	0.3901903	0.7324499	0.6047787	0.4773785	0.5183012	0.6601835	0.5002431	0.4733805	0.6713203	0.0000000	0.7715801	0.0311642	0.4246855
0.0556592	0.8111998	0.3694713	0.8065195	0.0201992	0.0487885	0.0561052	0.6877009	0.0742012	0.0000594	0.3155718	0.1521064	0.0066406	0.3112861	0.2116679	0.6381945	0.3957564	0.2034420	0.0229556	0.1023503	0.0878637	0.3511410	0.5471170	0.1611856	0.6112358	0.0863657	0.2721597	0.3083201	0.0250176	0.0016810	0.2208673	0.6750841	0.1183393	0.7686754	0.1092131	0.0019594	0.2480691	0.1849795	0.1585561	0.1097619	0.4301190	0.6961886	0.5871902	0.5231394	0.2769842	0.1529492	0.5373275	0.6369824	0.4009202	0.0041803	0.6175582	0.7335620	0.3942347	0.7968289	0.2207884	0.4854868	0.2643016	0.5690215	0.3960513	0.7679529	0.2879851	0.7823987	0.0404566	0.5879939	0.5442178	0.7457014	0.7562907	0.4148963	0.7078756	0.5916278	0.4530225	0.5234846	0.5679290	0.7397913	0.5691941	0.5975162	0.2476367	0.0000000	0.0354971	0.4636201
0.0995872	0.6943103	0.3109986	0.7585041	0.0364006	0.0452352	0.0476918	0.6771420	0.0651044	0.0002974	0.2997768	0.1536074	0.0332895	0.3856532	0.3881322	0.6788941	0.3970759	0.3853310	0.0131813	0.1108411	0.1416518	0.4058562	0.6121713	0.1120678	0.7413775	0.0387458	0.2727895	0.3238277	0.0140148	0.0081661	0.1471668	0.5490790	0.0982006	0.6909388	0.1046768	0.0015974	0.2703357	0.1380722	0.2253745	0.1126849	0.5253440	0.6827304	0.5590416	0.4265160	0.2591565	0.1707851	0.5301636	0.7544772	0.3499087	0.0010417	0.7966588	0.7663260	0.3065559	0.7661338	0.2434876	0.4441767	0.0921149	0.6443017	0.4407495	0.6657754	0.3096680	0.8213251	0.0457841	0.6980021	0.5788673	0.4995918	0.6389051	0.3175134	0.7085241	0.6758547	0.4354096	0.6218340	0.7223051	0.4773517	0.4975615	0.6753890	0.2919417	0.7048288	0.0000000	0.3715172
0.1171603	0.7638671	0.3039556	0.6827223	0.0260178	0.1062716	0.0150065	0.6825468	0.0801974	0.0023081	0.2363118	0.1230860	0.0301598	0.2632678	0.2772840	0.6288369	0.4596093	0.2214150	0.0338775	0.1488428	0.0940279	0.3813218	0.6504752	0.1562055	0.7385966	0.0473946	0.3227338	0.2256048	0.0228948	0.0036414	0.2625324	0.6604197	0.2001485	0.6874694	0.0912202	0.0012226	0.2556822	0.1554157	0.2058578	0.1238057	0.4968791	0.5889258	0.5375357	0.3586897	0.3721890	0.1366506	0.6080609	0.5936121	0.3173392	0.0064075	0.6188729	0.6925148	0.2959078	0.8406334	0.2199102	0.4188843	0.1250055	0.4985005	0.3625919	0.6200210	0.2452904	0.5701736	0.0320235	0.6582878	0.5877923	0.4032978	0.6769564	0.4523027	0.7190993	0.8845447	0.4361739	0.5958112	0.7050531	0.5954706	0.5172330	0.7390123	0.2741718	0.6487427	0.0329448	0.0000000
