G2	G1	1
G2	G3	1
G2	G5	1
G2	G6	1
G2	G7	1
G2	G9	1
G4	G1	1
G4	G3	1
G4	G5	1
G4	G6	1
G4	G7	1
G4	G9	1
G8	G1	1
G8	G3	1
G8	G5	1
G8	G6	1
G8	G7	1
G8	G9	1
G8	G10	1
G8	G11	1
G8	G12	1
G8	G13	1
G8	G14	1
G8	G15	1
G8	G16	1
G8	G17	1
G8	G18	1
G8	G19	1
G8	G20	1
G8	G21	1
G8	G22	1
G8	G23	1
G8	G24	1
G8	G25	1
G8	G26	1
G8	G27	1
G8	G28	1
G8	G29	1
G8	G30	1
G8	G31	1
G8	G32	1
G8	G33	1
G8	G35	1
G8	G36	1
G8	G37	1
G8	G38	1
G8	G39	1
G8	G40	1
G8	G41	1
G8	G43	1
G8	G44	1
G8	G45	1
G8	G46	1
G8	G47	1
G8	G49	1
G8	G50	1
G8	G51	1
G8	G79	1
G8	G80	1
G15	G14	1
G15	G16	1
G15	G17	1
G22	G21	1
G22	G23	1
G34	G29	1
G34	G33	1
G34	G35	1
G34	G36	1
G34	G37	1
G34	G38	1
G34	G39	1
G42	G32	1
G42	G41	1
G42	G43	1
G42	G44	1
G42	G45	1
G42	G46	1
G42	G47	1
G42	G49	1
G42	G50	1
G42	G51	1
G48	G45	1
G48	G46	1
G48	G47	1
G48	G49	1
G48	G50	1
G48	G51	1
G48	G53	1
G48	G55	1
G48	G56	1
G48	G57	1
G48	G58	1
G48	G59	1
G48	G61	1
G52	G45	1
G52	G46	1
G52	G47	1
G52	G49	1
G52	G50	1
G52	G51	1
G52	G53	1
G52	G55	1
G52	G56	1
G52	G57	1
G52	G58	1
G52	G59	1
G52	G61	1
G52	G62	1
G52	G63	1
G52	G64	1
G52	G65	1
G52	G66	1
G52	G68	1
G52	G69	1
G52	G71	1
G52	G72	1
G52	G73	1
G52	G74	1
G52	G75	1
G52	G76	1
G52	G77	1
G52	G78	1
G54	G20	1
G54	G28	1
G54	G31	1
G54	G45	1
G54	G46	1
G54	G47	1
G54	G49	1
G54	G50	1
G54	G51	1
G54	G53	1
G54	G55	1
G54	G56	1
G54	G57	1
G54	G58	1
G54	G59	1
G54	G61	1
G54	G62	1
G54	G63	1
G54	G64	1
G54	G65	1
G54	G66	1
G54	G68	1
G54	G69	1
G54	G71	1
G54	G72	1
G54	G73	1
G54	G74	1
G54	G75	1
G54	G76	1
G54	G77	1
G54	G78	1
G60	G53	1
G60	G54	1
G60	G55	1
G60	G56	1
G60	G57	1
G60	G58	1
G60	G59	1
G60	G61	1
G60	G62	1
G60	G63	1
G60	G64	1
G60	G65	1
G60	G66	1
G60	G68	1
G60	G69	1
G60	G71	1
G67	G53	1
G67	G55	1
G67	G56	1
G67	G57	1
G67	G58	1
G67	G59	1
G67	G61	1
G67	G62	1
G67	G63	1
G67	G64	1
G67	G65	1
G67	G66	1
G67	G68	1
G67	G69	1
G67	G71	1
G67	G72	1
G67	G73	1
G67	G74	1
G67	G75	1
G67	G76	1
G67	G77	1
G67	G78	1
G67	G79	1
G67	G80	1
G70	G53	1
G70	G55	1
G70	G56	1
G70	G57	1
G70	G58	1
G70	G59	1
G70	G61	1
G70	G62	1
G70	G63	1
G70	G64	1
G70	G65	1
G70	G66	1
G70	G68	1
G70	G69	1
G70	G71	1
G70	G72	1
G70	G73	1
G70	G74	1
G70	G75	1
G70	G76	1
G70	G77	1
G70	G78	1
G70	G79	1
G70	G80	1
G1	G2	0
G1	G3	0
G1	G4	0
G1	G5	0
G1	G6	0
G1	G7	0
G1	G8	0
G1	G9	0
G1	G10	0
G1	G11	0
G1	G12	0
G1	G13	0
G1	G14	0
G1	G15	0
G1	G16	0
G1	G17	0
G1	G18	0
G1	G19	0
G1	G20	0
G1	G21	0
G1	G22	0
G1	G23	0
G1	G24	0
G1	G25	0
G1	G26	0
G1	G27	0
G1	G28	0
G1	G29	0
G1	G30	0
G1	G31	0
G1	G32	0
G1	G33	0
G1	G34	0
G1	G35	0
G1	G36	0
G1	G37	0
G1	G38	0
G1	G39	0
G1	G40	0
G1	G41	0
G1	G42	0
G1	G43	0
G1	G44	0
G1	G45	0
G1	G46	0
G1	G47	0
G1	G48	0
G1	G49	0
G1	G50	0
G1	G51	0
G1	G52	0
G1	G53	0
G1	G54	0
G1	G55	0
G1	G56	0
G1	G57	0
G1	G58	0
G1	G59	0
G1	G60	0
G1	G61	0
G1	G62	0
G1	G63	0
G1	G64	0
G1	G65	0
G1	G66	0
G1	G67	0
G1	G68	0
G1	G69	0
G1	G70	0
G1	G71	0
G1	G72	0
G1	G73	0
G1	G74	0
G1	G75	0
G1	G76	0
G1	G77	0
G1	G78	0
G1	G79	0
G1	G80	0
G2	G4	0
G2	G8	0
G2	G10	0
G2	G11	0
G2	G12	0
G2	G13	0
G2	G14	0
G2	G15	0
G2	G16	0
G2	G17	0
G2	G18	0
G2	G19	0
G2	G20	0
G2	G21	0
G2	G22	0
G2	G23	0
G2	G24	0
G2	G25	0
G2	G26	0
G2	G27	0
G2	G28	0
G2	G29	0
G2	G30	0
G2	G31	0
G2	G32	0
G2	G33	0
G2	G34	0
G2	G35	0
G2	G36	0
G2	G37	0
G2	G38	0
G2	G39	0
G2	G40	0
G2	G41	0
G2	G42	0
G2	G43	0
G2	G44	0
G2	G45	0
G2	G46	0
G2	G47	0
G2	G48	0
G2	G49	0
G2	G50	0
G2	G51	0
G2	G52	0
G2	G53	0
G2	G54	0
G2	G55	0
G2	G56	0
G2	G57	0
G2	G58	0
G2	G59	0
G2	G60	0
G2	G61	0
G2	G62	0
G2	G63	0
G2	G64	0
G2	G65	0
G2	G66	0
G2	G67	0
G2	G68	0
G2	G69	0
G2	G70	0
G2	G71	0
G2	G72	0
G2	G73	0
G2	G74	0
G2	G75	0
G2	G76	0
G2	G77	0
G2	G78	0
G2	G79	0
G2	G80	0
G3	G1	0
G3	G2	0
G3	G4	0
G3	G5	0
G3	G6	0
G3	G7	0
G3	G8	0
G3	G9	0
G3	G10	0
G3	G11	0
G3	G12	0
G3	G13	0
G3	G14	0
G3	G15	0
G3	G16	0
G3	G17	0
G3	G18	0
G3	G19	0
G3	G20	0
G3	G21	0
G3	G22	0
G3	G23	0
G3	G24	0
G3	G25	0
G3	G26	0
G3	G27	0
G3	G28	0
G3	G29	0
G3	G30	0
G3	G31	0
G3	G32	0
G3	G33	0
G3	G34	0
G3	G35	0
G3	G36	0
G3	G37	0
G3	G38	0
G3	G39	0
G3	G40	0
G3	G41	0
G3	G42	0
G3	G43	0
G3	G44	0
G3	G45	0
G3	G46	0
G3	G47	0
G3	G48	0
G3	G49	0
G3	G50	0
G3	G51	0
G3	G52	0
G3	G53	0
G3	G54	0
G3	G55	0
G3	G56	0
G3	G57	0
G3	G58	0
G3	G59	0
G3	G60	0
G3	G61	0
G3	G62	0
G3	G63	0
G3	G64	0
G3	G65	0
G3	G66	0
G3	G67	0
G3	G68	0
G3	G69	0
G3	G70	0
G3	G71	0
G3	G72	0
G3	G73	0
G3	G74	0
G3	G75	0
G3	G76	0
G3	G77	0
G3	G78	0
G3	G79	0
G3	G80	0
G4	G2	0
G4	G8	0
G4	G10	0
G4	G11	0
G4	G12	0
G4	G13	0
G4	G14	0
G4	G15	0
G4	G16	0
G4	G17	0
G4	G18	0
G4	G19	0
G4	G20	0
G4	G21	0
G4	G22	0
G4	G23	0
G4	G24	0
G4	G25	0
G4	G26	0
G4	G27	0
G4	G28	0
G4	G29	0
G4	G30	0
G4	G31	0
G4	G32	0
G4	G33	0
G4	G34	0
G4	G35	0
G4	G36	0
G4	G37	0
G4	G38	0
G4	G39	0
G4	G40	0
G4	G41	0
G4	G42	0
G4	G43	0
G4	G44	0
G4	G45	0
G4	G46	0
G4	G47	0
G4	G48	0
G4	G49	0
G4	G50	0
G4	G51	0
G4	G52	0
G4	G53	0
G4	G54	0
G4	G55	0
G4	G56	0
G4	G57	0
G4	G58	0
G4	G59	0
G4	G60	0
G4	G61	0
G4	G62	0
G4	G63	0
G4	G64	0
G4	G65	0
G4	G66	0
G4	G67	0
G4	G68	0
G4	G69	0
G4	G70	0
G4	G71	0
G4	G72	0
G4	G73	0
G4	G74	0
G4	G75	0
G4	G76	0
G4	G77	0
G4	G78	0
G4	G79	0
G4	G80	0
G5	G1	0
G5	G2	0
G5	G3	0
G5	G4	0
G5	G6	0
G5	G7	0
G5	G8	0
G5	G9	0
G5	G10	0
G5	G11	0
G5	G12	0
G5	G13	0
G5	G14	0
G5	G15	0
G5	G16	0
G5	G17	0
G5	G18	0
G5	G19	0
G5	G20	0
G5	G21	0
G5	G22	0
G5	G23	0
G5	G24	0
G5	G25	0
G5	G26	0
G5	G27	0
G5	G28	0
G5	G29	0
G5	G30	0
G5	G31	0
G5	G32	0
G5	G33	0
G5	G34	0
G5	G35	0
G5	G36	0
G5	G37	0
G5	G38	0
G5	G39	0
G5	G40	0
G5	G41	0
G5	G42	0
G5	G43	0
G5	G44	0
G5	G45	0
G5	G46	0
G5	G47	0
G5	G48	0
G5	G49	0
G5	G50	0
G5	G51	0
G5	G52	0
G5	G53	0
G5	G54	0
G5	G55	0
G5	G56	0
G5	G57	0
G5	G58	0
G5	G59	0
G5	G60	0
G5	G61	0
G5	G62	0
G5	G63	0
G5	G64	0
G5	G65	0
G5	G66	0
G5	G67	0
G5	G68	0
G5	G69	0
G5	G70	0
G5	G71	0
G5	G72	0
G5	G73	0
G5	G74	0
G5	G75	0
G5	G76	0
G5	G77	0
G5	G78	0
G5	G79	0
G5	G80	0
G6	G1	0
G6	G2	0
G6	G3	0
G6	G4	0
G6	G5	0
G6	G7	0
G6	G8	0
G6	G9	0
G6	G10	0
G6	G11	0
G6	G12	0
G6	G13	0
G6	G14	0
G6	G15	0
G6	G16	0
G6	G17	0
G6	G18	0
G6	G19	0
G6	G20	0
G6	G21	0
G6	G22	0
G6	G23	0
G6	G24	0
G6	G25	0
G6	G26	0
G6	G27	0
G6	G28	0
G6	G29	0
G6	G30	0
G6	G31	0
G6	G32	0
G6	G33	0
G6	G34	0
G6	G35	0
G6	G36	0
G6	G37	0
G6	G38	0
G6	G39	0
G6	G40	0
G6	G41	0
G6	G42	0
G6	G43	0
G6	G44	0
G6	G45	0
G6	G46	0
G6	G47	0
G6	G48	0
G6	G49	0
G6	G50	0
G6	G51	0
G6	G52	0
G6	G53	0
G6	G54	0
G6	G55	0
G6	G56	0
G6	G57	0
G6	G58	0
G6	G59	0
G6	G60	0
G6	G61	0
G6	G62	0
G6	G63	0
G6	G64	0
G6	G65	0
G6	G66	0
G6	G67	0
G6	G68	0
G6	G69	0
G6	G70	0
G6	G71	0
G6	G72	0
G6	G73	0
G6	G74	0
G6	G75	0
G6	G76	0
G6	G77	0
G6	G78	0
G6	G79	0
G6	G80	0
G7	G1	0
G7	G2	0
G7	G3	0
G7	G4	0
G7	G5	0
G7	G6	0
G7	G8	0
G7	G9	0
G7	G10	0
G7	G11	0
G7	G12	0
G7	G13	0
G7	G14	0
G7	G15	0
G7	G16	0
G7	G17	0
G7	G18	0
G7	G19	0
G7	G20	0
G7	G21	0
G7	G22	0
G7	G23	0
G7	G24	0
G7	G25	0
G7	G26	0
G7	G27	0
G7	G28	0
G7	G29	0
G7	G30	0
G7	G31	0
G7	G32	0
G7	G33	0
G7	G34	0
G7	G35	0
G7	G36	0
G7	G37	0
G7	G38	0
G7	G39	0
G7	G40	0
G7	G41	0
G7	G42	0
G7	G43	0
G7	G44	0
G7	G45	0
G7	G46	0
G7	G47	0
G7	G48	0
G7	G49	0
G7	G50	0
G7	G51	0
G7	G52	0
G7	G53	0
G7	G54	0
G7	G55	0
G7	G56	0
G7	G57	0
G7	G58	0
G7	G59	0
G7	G60	0
G7	G61	0
G7	G62	0
G7	G63	0
G7	G64	0
G7	G65	0
G7	G66	0
G7	G67	0
G7	G68	0
G7	G69	0
G7	G70	0
G7	G71	0
G7	G72	0
G7	G73	0
G7	G74	0
G7	G75	0
G7	G76	0
G7	G77	0
G7	G78	0
G7	G79	0
G7	G80	0
G8	G2	0
G8	G4	0
G8	G34	0
G8	G42	0
G8	G48	0
G8	G52	0
G8	G53	0
G8	G54	0
G8	G55	0
G8	G56	0
G8	G57	0
G8	G58	0
G8	G59	0
G8	G60	0
G8	G61	0
G8	G62	0
G8	G63	0
G8	G64	0
G8	G65	0
G8	G66	0
G8	G67	0
G8	G68	0
G8	G69	0
G8	G70	0
G8	G71	0
G8	G72	0
G8	G73	0
G8	G74	0
G8	G75	0
G8	G76	0
G8	G77	0
G8	G78	0
G9	G1	0
G9	G2	0
G9	G3	0
G9	G4	0
G9	G5	0
G9	G6	0
G9	G7	0
G9	G8	0
G9	G10	0
G9	G11	0
G9	G12	0
G9	G13	0
G9	G14	0
G9	G15	0
G9	G16	0
G9	G17	0
G9	G18	0
G9	G19	0
G9	G20	0
G9	G21	0
G9	G22	0
G9	G23	0
G9	G24	0
G9	G25	0
G9	G26	0
G9	G27	0
G9	G28	0
G9	G29	0
G9	G30	0
G9	G31	0
G9	G32	0
G9	G33	0
G9	G34	0
G9	G35	0
G9	G36	0
G9	G37	0
G9	G38	0
G9	G39	0
G9	G40	0
G9	G41	0
G9	G42	0
G9	G43	0
G9	G44	0
G9	G45	0
G9	G46	0
G9	G47	0
G9	G48	0
G9	G49	0
G9	G50	0
G9	G51	0
G9	G52	0
G9	G53	0
G9	G54	0
G9	G55	0
G9	G56	0
G9	G57	0
G9	G58	0
G9	G59	0
G9	G60	0
G9	G61	0
G9	G62	0
G9	G63	0
G9	G64	0
G9	G65	0
G9	G66	0
G9	G67	0
G9	G68	0
G9	G69	0
G9	G70	0
G9	G71	0
G9	G72	0
G9	G73	0
G9	G74	0
G9	G75	0
G9	G76	0
G9	G77	0
G9	G78	0
G9	G79	0
G9	G80	0
G10	G1	0
G10	G2	0
G10	G3	0
G10	G4	0
G10	G5	0
G10	G6	0
G10	G7	0
G10	G8	0
G10	G9	0
G10	G11	0
G10	G12	0
G10	G13	0
G10	G14	0
G10	G15	0
G10	G16	0
G10	G17	0
G10	G18	0
G10	G19	0
G10	G20	0
G10	G21	0
G10	G22	0
G10	G23	0
G10	G24	0
G10	G25	0
G10	G26	0
G10	G27	0
G10	G28	0
G10	G29	0
G10	G30	0
G10	G31	0
G10	G32	0
G10	G33	0
G10	G34	0
G10	G35	0
G10	G36	0
G10	G37	0
G10	G38	0
G10	G39	0
G10	G40	0
G10	G41	0
G10	G42	0
G10	G43	0
G10	G44	0
G10	G45	0
G10	G46	0
G10	G47	0
G10	G48	0
G10	G49	0
G10	G50	0
G10	G51	0
G10	G52	0
G10	G53	0
G10	G54	0
G10	G55	0
G10	G56	0
G10	G57	0
G10	G58	0
G10	G59	0
G10	G60	0
G10	G61	0
G10	G62	0
G10	G63	0
G10	G64	0
G10	G65	0
G10	G66	0
G10	G67	0
G10	G68	0
G10	G69	0
G10	G70	0
G10	G71	0
G10	G72	0
G10	G73	0
G10	G74	0
G10	G75	0
G10	G76	0
G10	G77	0
G10	G78	0
G10	G79	0
G10	G80	0
G11	G1	0
G11	G2	0
G11	G3	0
G11	G4	0
G11	G5	0
G11	G6	0
G11	G7	0
G11	G8	0
G11	G9	0
G11	G10	0
G11	G12	0
G11	G13	0
G11	G14	0
G11	G15	0
G11	G16	0
G11	G17	0
G11	G18	0
G11	G19	0
G11	G20	0
G11	G21	0
G11	G22	0
G11	G23	0
G11	G24	0
G11	G25	0
G11	G26	0
G11	G27	0
G11	G28	0
G11	G29	0
G11	G30	0
G11	G31	0
G11	G32	0
G11	G33	0
G11	G34	0
G11	G35	0
G11	G36	0
G11	G37	0
G11	G38	0
G11	G39	0
G11	G40	0
G11	G41	0
G11	G42	0
G11	G43	0
G11	G44	0
G11	G45	0
G11	G46	0
G11	G47	0
G11	G48	0
G11	G49	0
G11	G50	0
G11	G51	0
G11	G52	0
G11	G53	0
G11	G54	0
G11	G55	0
G11	G56	0
G11	G57	0
G11	G58	0
G11	G59	0
G11	G60	0
G11	G61	0
G11	G62	0
G11	G63	0
G11	G64	0
G11	G65	0
G11	G66	0
G11	G67	0
G11	G68	0
G11	G69	0
G11	G70	0
G11	G71	0
G11	G72	0
G11	G73	0
G11	G74	0
G11	G75	0
G11	G76	0
G11	G77	0
G11	G78	0
G11	G79	0
G11	G80	0
G12	G1	0
G12	G2	0
G12	G3	0
G12	G4	0
G12	G5	0
G12	G6	0
G12	G7	0
G12	G8	0
G12	G9	0
G12	G10	0
G12	G11	0
G12	G13	0
G12	G14	0
G12	G15	0
G12	G16	0
G12	G17	0
G12	G18	0
G12	G19	0
G12	G20	0
G12	G21	0
G12	G22	0
G12	G23	0
G12	G24	0
G12	G25	0
G12	G26	0
G12	G27	0
G12	G28	0
G12	G29	0
G12	G30	0
G12	G31	0
G12	G32	0
G12	G33	0
G12	G34	0
G12	G35	0
G12	G36	0
G12	G37	0
G12	G38	0
G12	G39	0
G12	G40	0
G12	G41	0
G12	G42	0
G12	G43	0
G12	G44	0
G12	G45	0
G12	G46	0
G12	G47	0
G12	G48	0
G12	G49	0
G12	G50	0
G12	G51	0
G12	G52	0
G12	G53	0
G12	G54	0
G12	G55	0
G12	G56	0
G12	G57	0
G12	G58	0
G12	G59	0
G12	G60	0
G12	G61	0
G12	G62	0
G12	G63	0
G12	G64	0
G12	G65	0
G12	G66	0
G12	G67	0
G12	G68	0
G12	G69	0
G12	G70	0
G12	G71	0
G12	G72	0
G12	G73	0
G12	G74	0
G12	G75	0
G12	G76	0
G12	G77	0
G12	G78	0
G12	G79	0
G12	G80	0
G13	G1	0
G13	G2	0
G13	G3	0
G13	G4	0
G13	G5	0
G13	G6	0
G13	G7	0
G13	G8	0
G13	G9	0
G13	G10	0
G13	G11	0
G13	G12	0
G13	G14	0
G13	G15	0
G13	G16	0
G13	G17	0
G13	G18	0
G13	G19	0
G13	G20	0
G13	G21	0
G13	G22	0
G13	G23	0
G13	G24	0
G13	G25	0
G13	G26	0
G13	G27	0
G13	G28	0
G13	G29	0
G13	G30	0
G13	G31	0
G13	G32	0
G13	G33	0
G13	G34	0
G13	G35	0
G13	G36	0
G13	G37	0
G13	G38	0
G13	G39	0
G13	G40	0
G13	G41	0
G13	G42	0
G13	G43	0
G13	G44	0
G13	G45	0
G13	G46	0
G13	G47	0
G13	G48	0
G13	G49	0
G13	G50	0
G13	G51	0
G13	G52	0
G13	G53	0
G13	G54	0
G13	G55	0
G13	G56	0
G13	G57	0
G13	G58	0
G13	G59	0
G13	G60	0
G13	G61	0
G13	G62	0
G13	G63	0
G13	G64	0
G13	G65	0
G13	G66	0
G13	G67	0
G13	G68	0
G13	G69	0
G13	G70	0
G13	G71	0
G13	G72	0
G13	G73	0
G13	G74	0
G13	G75	0
G13	G76	0
G13	G77	0
G13	G78	0
G13	G79	0
G13	G80	0
G14	G1	0
G14	G2	0
G14	G3	0
G14	G4	0
G14	G5	0
G14	G6	0
G14	G7	0
G14	G8	0
G14	G9	0
G14	G10	0
G14	G11	0
G14	G12	0
G14	G13	0
G14	G15	0
G14	G16	0
G14	G17	0
G14	G18	0
G14	G19	0
G14	G20	0
G14	G21	0
G14	G22	0
G14	G23	0
G14	G24	0
G14	G25	0
G14	G26	0
G14	G27	0
G14	G28	0
G14	G29	0
G14	G30	0
G14	G31	0
G14	G32	0
G14	G33	0
G14	G34	0
G14	G35	0
G14	G36	0
G14	G37	0
G14	G38	0
G14	G39	0
G14	G40	0
G14	G41	0
G14	G42	0
G14	G43	0
G14	G44	0
G14	G45	0
G14	G46	0
G14	G47	0
G14	G48	0
G14	G49	0
G14	G50	0
G14	G51	0
G14	G52	0
G14	G53	0
G14	G54	0
G14	G55	0
G14	G56	0
G14	G57	0
G14	G58	0
G14	G59	0
G14	G60	0
G14	G61	0
G14	G62	0
G14	G63	0
G14	G64	0
G14	G65	0
G14	G66	0
G14	G67	0
G14	G68	0
G14	G69	0
G14	G70	0
G14	G71	0
G14	G72	0
G14	G73	0
G14	G74	0
G14	G75	0
G14	G76	0
G14	G77	0
G14	G78	0
G14	G79	0
G14	G80	0
G15	G1	0
G15	G2	0
G15	G3	0
G15	G4	0
G15	G5	0
G15	G6	0
G15	G7	0
G15	G8	0
G15	G9	0
G15	G10	0
G15	G11	0
G15	G12	0
G15	G13	0
G15	G18	0
G15	G19	0
G15	G20	0
G15	G21	0
G15	G22	0
G15	G23	0
G15	G24	0
G15	G25	0
G15	G26	0
G15	G27	0
G15	G28	0
G15	G29	0
G15	G30	0
G15	G31	0
G15	G32	0
G15	G33	0
G15	G34	0
G15	G35	0
G15	G36	0
G15	G37	0
G15	G38	0
G15	G39	0
G15	G40	0
G15	G41	0
G15	G42	0
G15	G43	0
G15	G44	0
G15	G45	0
G15	G46	0
G15	G47	0
G15	G48	0
G15	G49	0
G15	G50	0
G15	G51	0
G15	G52	0
G15	G53	0
G15	G54	0
G15	G55	0
G15	G56	0
G15	G57	0
G15	G58	0
G15	G59	0
G15	G60	0
G15	G61	0
G15	G62	0
G15	G63	0
G15	G64	0
G15	G65	0
G15	G66	0
G15	G67	0
G15	G68	0
G15	G69	0
G15	G70	0
G15	G71	0
G15	G72	0
G15	G73	0
G15	G74	0
G15	G75	0
G15	G76	0
G15	G77	0
G15	G78	0
G15	G79	0
G15	G80	0
G16	G1	0
G16	G2	0
G16	G3	0
G16	G4	0
G16	G5	0
G16	G6	0
G16	G7	0
G16	G8	0
G16	G9	0
G16	G10	0
G16	G11	0
G16	G12	0
G16	G13	0
G16	G14	0
G16	G15	0
G16	G17	0
G16	G18	0
G16	G19	0
G16	G20	0
G16	G21	0
G16	G22	0
G16	G23	0
G16	G24	0
G16	G25	0
G16	G26	0
G16	G27	0
G16	G28	0
G16	G29	0
G16	G30	0
G16	G31	0
G16	G32	0
G16	G33	0
G16	G34	0
G16	G35	0
G16	G36	0
G16	G37	0
G16	G38	0
G16	G39	0
G16	G40	0
G16	G41	0
G16	G42	0
G16	G43	0
G16	G44	0
G16	G45	0
G16	G46	0
G16	G47	0
G16	G48	0
G16	G49	0
G16	G50	0
G16	G51	0
G16	G52	0
G16	G53	0
G16	G54	0
G16	G55	0
G16	G56	0
G16	G57	0
G16	G58	0
G16	G59	0
G16	G60	0
G16	G61	0
G16	G62	0
G16	G63	0
G16	G64	0
G16	G65	0
G16	G66	0
G16	G67	0
G16	G68	0
G16	G69	0
G16	G70	0
G16	G71	0
G16	G72	0
G16	G73	0
G16	G74	0
G16	G75	0
G16	G76	0
G16	G77	0
G16	G78	0
G16	G79	0
G16	G80	0
G17	G1	0
G17	G2	0
G17	G3	0
G17	G4	0
G17	G5	0
G17	G6	0
G17	G7	0
G17	G8	0
G17	G9	0
G17	G10	0
G17	G11	0
G17	G12	0
G17	G13	0
G17	G14	0
G17	G15	0
G17	G16	0
G17	G18	0
G17	G19	0
G17	G20	0
G17	G21	0
G17	G22	0
G17	G23	0
G17	G24	0
G17	G25	0
G17	G26	0
G17	G27	0
G17	G28	0
G17	G29	0
G17	G30	0
G17	G31	0
G17	G32	0
G17	G33	0
G17	G34	0
G17	G35	0
G17	G36	0
G17	G37	0
G17	G38	0
G17	G39	0
G17	G40	0
G17	G41	0
G17	G42	0
G17	G43	0
G17	G44	0
G17	G45	0
G17	G46	0
G17	G47	0
G17	G48	0
G17	G49	0
G17	G50	0
G17	G51	0
G17	G52	0
G17	G53	0
G17	G54	0
G17	G55	0
G17	G56	0
G17	G57	0
G17	G58	0
G17	G59	0
G17	G60	0
G17	G61	0
G17	G62	0
G17	G63	0
G17	G64	0
G17	G65	0
G17	G66	0
G17	G67	0
G17	G68	0
G17	G69	0
G17	G70	0
G17	G71	0
G17	G72	0
G17	G73	0
G17	G74	0
G17	G75	0
G17	G76	0
G17	G77	0
G17	G78	0
G17	G79	0
G17	G80	0
G18	G1	0
G18	G2	0
G18	G3	0
G18	G4	0
G18	G5	0
G18	G6	0
G18	G7	0
G18	G8	0
G18	G9	0
G18	G10	0
G18	G11	0
G18	G12	0
G18	G13	0
G18	G14	0
G18	G15	0
G18	G16	0
G18	G17	0
G18	G19	0
G18	G20	0
G18	G21	0
G18	G22	0
G18	G23	0
G18	G24	0
G18	G25	0
G18	G26	0
G18	G27	0
G18	G28	0
G18	G29	0
G18	G30	0
G18	G31	0
G18	G32	0
G18	G33	0
G18	G34	0
G18	G35	0
G18	G36	0
G18	G37	0
G18	G38	0
G18	G39	0
G18	G40	0
G18	G41	0
G18	G42	0
G18	G43	0
G18	G44	0
G18	G45	0
G18	G46	0
G18	G47	0
G18	G48	0
G18	G49	0
G18	G50	0
G18	G51	0
G18	G52	0
G18	G53	0
G18	G54	0
G18	G55	0
G18	G56	0
G18	G57	0
G18	G58	0
G18	G59	0
G18	G60	0
G18	G61	0
G18	G62	0
G18	G63	0
G18	G64	0
G18	G65	0
G18	G66	0
G18	G67	0
G18	G68	0
G18	G69	0
G18	G70	0
G18	G71	0
G18	G72	0
G18	G73	0
G18	G74	0
G18	G75	0
G18	G76	0
G18	G77	0
G18	G78	0
G18	G79	0
G18	G80	0
G19	G1	0
G19	G2	0
G19	G3	0
G19	G4	0
G19	G5	0
G19	G6	0
G19	G7	0
G19	G8	0
G19	G9	0
G19	G10	0
G19	G11	0
G19	G12	0
G19	G13	0
G19	G14	0
G19	G15	0
G19	G16	0
G19	G17	0
G19	G18	0
G19	G20	0
G19	G21	0
G19	G22	0
G19	G23	0
G19	G24	0
G19	G25	0
G19	G26	0
G19	G27	0
G19	G28	0
G19	G29	0
G19	G30	0
G19	G31	0
G19	G32	0
G19	G33	0
G19	G34	0
G19	G35	0
G19	G36	0
G19	G37	0
G19	G38	0
G19	G39	0
G19	G40	0
G19	G41	0
G19	G42	0
G19	G43	0
G19	G44	0
G19	G45	0
G19	G46	0
G19	G47	0
G19	G48	0
G19	G49	0
G19	G50	0
G19	G51	0
G19	G52	0
G19	G53	0
G19	G54	0
G19	G55	0
G19	G56	0
G19	G57	0
G19	G58	0
G19	G59	0
G19	G60	0
G19	G61	0
G19	G62	0
G19	G63	0
G19	G64	0
G19	G65	0
G19	G66	0
G19	G67	0
G19	G68	0
G19	G69	0
G19	G70	0
G19	G71	0
G19	G72	0
G19	G73	0
G19	G74	0
G19	G75	0
G19	G76	0
G19	G77	0
G19	G78	0
G19	G79	0
G19	G80	0
G20	G1	0
G20	G2	0
G20	G3	0
G20	G4	0
G20	G5	0
G20	G6	0
G20	G7	0
G20	G8	0
G20	G9	0
G20	G10	0
G20	G11	0
G20	G12	0
G20	G13	0
G20	G14	0
G20	G15	0
G20	G16	0
G20	G17	0
G20	G18	0
G20	G19	0
G20	G21	0
G20	G22	0
G20	G23	0
G20	G24	0
G20	G25	0
G20	G26	0
G20	G27	0
G20	G28	0
G20	G29	0
G20	G30	0
G20	G31	0
G20	G32	0
G20	G33	0
G20	G34	0
G20	G35	0
G20	G36	0
G20	G37	0
G20	G38	0
G20	G39	0
G20	G40	0
G20	G41	0
G20	G42	0
G20	G43	0
G20	G44	0
G20	G45	0
G20	G46	0
G20	G47	0
G20	G48	0
G20	G49	0
G20	G50	0
G20	G51	0
G20	G52	0
G20	G53	0
G20	G54	0
G20	G55	0
G20	G56	0
G20	G57	0
G20	G58	0
G20	G59	0
G20	G60	0
G20	G61	0
G20	G62	0
G20	G63	0
G20	G64	0
G20	G65	0
G20	G66	0
G20	G67	0
G20	G68	0
G20	G69	0
G20	G70	0
G20	G71	0
G20	G72	0
G20	G73	0
G20	G74	0
G20	G75	0
G20	G76	0
G20	G77	0
G20	G78	0
G20	G79	0
G20	G80	0
G21	G1	0
G21	G2	0
G21	G3	0
G21	G4	0
G21	G5	0
G21	G6	0
G21	G7	0
G21	G8	0
G21	G9	0
G21	G10	0
G21	G11	0
G21	G12	0
G21	G13	0
G21	G14	0
G21	G15	0
G21	G16	0
G21	G17	0
G21	G18	0
G21	G19	0
G21	G20	0
G21	G22	0
G21	G23	0
G21	G24	0
G21	G25	0
G21	G26	0
G21	G27	0
G21	G28	0
G21	G29	0
G21	G30	0
G21	G31	0
G21	G32	0
G21	G33	0
G21	G34	0
G21	G35	0
G21	G36	0
G21	G37	0
G21	G38	0
G21	G39	0
G21	G40	0
G21	G41	0
G21	G42	0
G21	G43	0
G21	G44	0
G21	G45	0
G21	G46	0
G21	G47	0
G21	G48	0
G21	G49	0
G21	G50	0
G21	G51	0
G21	G52	0
G21	G53	0
G21	G54	0
G21	G55	0
G21	G56	0
G21	G57	0
G21	G58	0
G21	G59	0
G21	G60	0
G21	G61	0
G21	G62	0
G21	G63	0
G21	G64	0
G21	G65	0
G21	G66	0
G21	G67	0
G21	G68	0
G21	G69	0
G21	G70	0
G21	G71	0
G21	G72	0
G21	G73	0
G21	G74	0
G21	G75	0
G21	G76	0
G21	G77	0
G21	G78	0
G21	G79	0
G21	G80	0
G22	G1	0
G22	G2	0
G22	G3	0
G22	G4	0
G22	G5	0
G22	G6	0
G22	G7	0
G22	G8	0
G22	G9	0
G22	G10	0
G22	G11	0
G22	G12	0
G22	G13	0
G22	G14	0
G22	G15	0
G22	G16	0
G22	G17	0
G22	G18	0
G22	G19	0
G22	G20	0
G22	G24	0
G22	G25	0
G22	G26	0
G22	G27	0
G22	G28	0
G22	G29	0
G22	G30	0
G22	G31	0
G22	G32	0
G22	G33	0
G22	G34	0
G22	G35	0
G22	G36	0
G22	G37	0
G22	G38	0
G22	G39	0
G22	G40	0
G22	G41	0
G22	G42	0
G22	G43	0
G22	G44	0
G22	G45	0
G22	G46	0
G22	G47	0
G22	G48	0
G22	G49	0
G22	G50	0
G22	G51	0
G22	G52	0
G22	G53	0
G22	G54	0
G22	G55	0
G22	G56	0
G22	G57	0
G22	G58	0
G22	G59	0
G22	G60	0
G22	G61	0
G22	G62	0
G22	G63	0
G22	G64	0
G22	G65	0
G22	G66	0
G22	G67	0
G22	G68	0
G22	G69	0
G22	G70	0
G22	G71	0
G22	G72	0
G22	G73	0
G22	G74	0
G22	G75	0
G22	G76	0
G22	G77	0
G22	G78	0
G22	G79	0
G22	G80	0
G23	G1	0
G23	G2	0
G23	G3	0
G23	G4	0
G23	G5	0
G23	G6	0
G23	G7	0
G23	G8	0
G23	G9	0
G23	G10	0
G23	G11	0
G23	G12	0
G23	G13	0
G23	G14	0
G23	G15	0
G23	G16	0
G23	G17	0
G23	G18	0
G23	G19	0
G23	G20	0
G23	G21	0
G23	G22	0
G23	G24	0
G23	G25	0
G23	G26	0
G23	G27	0
G23	G28	0
G23	G29	0
G23	G30	0
G23	G31	0
G23	G32	0
G23	G33	0
G23	G34	0
G23	G35	0
G23	G36	0
G23	G37	0
G23	G38	0
G23	G39	0
G23	G40	0
G23	G41	0
G23	G42	0
G23	G43	0
G23	G44	0
G23	G45	0
G23	G46	0
G23	G47	0
G23	G48	0
G23	G49	0
G23	G50	0
G23	G51	0
G23	G52	0
G23	G53	0
G23	G54	0
G23	G55	0
G23	G56	0
G23	G57	0
G23	G58	0
G23	G59	0
G23	G60	0
G23	G61	0
G23	G62	0
G23	G63	0
G23	G64	0
G23	G65	0
G23	G66	0
G23	G67	0
G23	G68	0
G23	G69	0
G23	G70	0
G23	G71	0
G23	G72	0
G23	G73	0
G23	G74	0
G23	G75	0
G23	G76	0
G23	G77	0
G23	G78	0
G23	G79	0
G23	G80	0
G24	G1	0
G24	G2	0
G24	G3	0
G24	G4	0
G24	G5	0
G24	G6	0
G24	G7	0
G24	G8	0
G24	G9	0
G24	G10	0
G24	G11	0
G24	G12	0
G24	G13	0
G24	G14	0
G24	G15	0
G24	G16	0
G24	G17	0
G24	G18	0
G24	G19	0
G24	G20	0
G24	G21	0
G24	G22	0
G24	G23	0
G24	G25	0
G24	G26	0
G24	G27	0
G24	G28	0
G24	G29	0
G24	G30	0
G24	G31	0
G24	G32	0
G24	G33	0
G24	G34	0
G24	G35	0
G24	G36	0
G24	G37	0
G24	G38	0
G24	G39	0
G24	G40	0
G24	G41	0
G24	G42	0
G24	G43	0
G24	G44	0
G24	G45	0
G24	G46	0
G24	G47	0
G24	G48	0
G24	G49	0
G24	G50	0
G24	G51	0
G24	G52	0
G24	G53	0
G24	G54	0
G24	G55	0
G24	G56	0
G24	G57	0
G24	G58	0
G24	G59	0
G24	G60	0
G24	G61	0
G24	G62	0
G24	G63	0
G24	G64	0
G24	G65	0
G24	G66	0
G24	G67	0
G24	G68	0
G24	G69	0
G24	G70	0
G24	G71	0
G24	G72	0
G24	G73	0
G24	G74	0
G24	G75	0
G24	G76	0
G24	G77	0
G24	G78	0
G24	G79	0
G24	G80	0
G25	G1	0
G25	G2	0
G25	G3	0
G25	G4	0
G25	G5	0
G25	G6	0
G25	G7	0
G25	G8	0
G25	G9	0
G25	G10	0
G25	G11	0
G25	G12	0
G25	G13	0
G25	G14	0
G25	G15	0
G25	G16	0
G25	G17	0
G25	G18	0
G25	G19	0
G25	G20	0
G25	G21	0
G25	G22	0
G25	G23	0
G25	G24	0
G25	G26	0
G25	G27	0
G25	G28	0
G25	G29	0
G25	G30	0
G25	G31	0
G25	G32	0
G25	G33	0
G25	G34	0
G25	G35	0
G25	G36	0
G25	G37	0
G25	G38	0
G25	G39	0
G25	G40	0
G25	G41	0
G25	G42	0
G25	G43	0
G25	G44	0
G25	G45	0
G25	G46	0
G25	G47	0
G25	G48	0
G25	G49	0
G25	G50	0
G25	G51	0
G25	G52	0
G25	G53	0
G25	G54	0
G25	G55	0
G25	G56	0
G25	G57	0
G25	G58	0
G25	G59	0
G25	G60	0
G25	G61	0
G25	G62	0
G25	G63	0
G25	G64	0
G25	G65	0
G25	G66	0
G25	G67	0
G25	G68	0
G25	G69	0
G25	G70	0
G25	G71	0
G25	G72	0
G25	G73	0
G25	G74	0
G25	G75	0
G25	G76	0
G25	G77	0
G25	G78	0
G25	G79	0
G25	G80	0
G26	G1	0
G26	G2	0
G26	G3	0
G26	G4	0
G26	G5	0
G26	G6	0
G26	G7	0
G26	G8	0
G26	G9	0
G26	G10	0
G26	G11	0
G26	G12	0
G26	G13	0
G26	G14	0
G26	G15	0
G26	G16	0
G26	G17	0
G26	G18	0
G26	G19	0
G26	G20	0
G26	G21	0
G26	G22	0
G26	G23	0
G26	G24	0
G26	G25	0
G26	G27	0
G26	G28	0
G26	G29	0
G26	G30	0
G26	G31	0
G26	G32	0
G26	G33	0
G26	G34	0
G26	G35	0
G26	G36	0
G26	G37	0
G26	G38	0
G26	G39	0
G26	G40	0
G26	G41	0
G26	G42	0
G26	G43	0
G26	G44	0
G26	G45	0
G26	G46	0
G26	G47	0
G26	G48	0
G26	G49	0
G26	G50	0
G26	G51	0
G26	G52	0
G26	G53	0
G26	G54	0
G26	G55	0
G26	G56	0
G26	G57	0
G26	G58	0
G26	G59	0
G26	G60	0
G26	G61	0
G26	G62	0
G26	G63	0
G26	G64	0
G26	G65	0
G26	G66	0
G26	G67	0
G26	G68	0
G26	G69	0
G26	G70	0
G26	G71	0
G26	G72	0
G26	G73	0
G26	G74	0
G26	G75	0
G26	G76	0
G26	G77	0
G26	G78	0
G26	G79	0
G26	G80	0
G27	G1	0
G27	G2	0
G27	G3	0
G27	G4	0
G27	G5	0
G27	G6	0
G27	G7	0
G27	G8	0
G27	G9	0
G27	G10	0
G27	G11	0
G27	G12	0
G27	G13	0
G27	G14	0
G27	G15	0
G27	G16	0
G27	G17	0
G27	G18	0
G27	G19	0
G27	G20	0
G27	G21	0
G27	G22	0
G27	G23	0
G27	G24	0
G27	G25	0
G27	G26	0
G27	G28	0
G27	G29	0
G27	G30	0
G27	G31	0
G27	G32	0
G27	G33	0
G27	G34	0
G27	G35	0
G27	G36	0
G27	G37	0
G27	G38	0
G27	G39	0
G27	G40	0
G27	G41	0
G27	G42	0
G27	G43	0
G27	G44	0
G27	G45	0
G27	G46	0
G27	G47	0
G27	G48	0
G27	G49	0
G27	G50	0
G27	G51	0
G27	G52	0
G27	G53	0
G27	G54	0
G27	G55	0
G27	G56	0
G27	G57	0
G27	G58	0
G27	G59	0
G27	G60	0
G27	G61	0
G27	G62	0
G27	G63	0
G27	G64	0
G27	G65	0
G27	G66	0
G27	G67	0
G27	G68	0
G27	G69	0
G27	G70	0
G27	G71	0
G27	G72	0
G27	G73	0
G27	G74	0
G27	G75	0
G27	G76	0
G27	G77	0
G27	G78	0
G27	G79	0
G27	G80	0
G28	G1	0
G28	G2	0
G28	G3	0
G28	G4	0
G28	G5	0
G28	G6	0
G28	G7	0
G28	G8	0
G28	G9	0
G28	G10	0
G28	G11	0
G28	G12	0
G28	G13	0
G28	G14	0
G28	G15	0
G28	G16	0
G28	G17	0
G28	G18	0
G28	G19	0
G28	G20	0
G28	G21	0
G28	G22	0
G28	G23	0
G28	G24	0
G28	G25	0
G28	G26	0
G28	G27	0
G28	G29	0
G28	G30	0
G28	G31	0
G28	G32	0
G28	G33	0
G28	G34	0
G28	G35	0
G28	G36	0
G28	G37	0
G28	G38	0
G28	G39	0
G28	G40	0
G28	G41	0
G28	G42	0
G28	G43	0
G28	G44	0
G28	G45	0
G28	G46	0
G28	G47	0
G28	G48	0
G28	G49	0
G28	G50	0
G28	G51	0
G28	G52	0
G28	G53	0
G28	G54	0
G28	G55	0
G28	G56	0
G28	G57	0
G28	G58	0
G28	G59	0
G28	G60	0
G28	G61	0
G28	G62	0
G28	G63	0
G28	G64	0
G28	G65	0
G28	G66	0
G28	G67	0
G28	G68	0
G28	G69	0
G28	G70	0
G28	G71	0
G28	G72	0
G28	G73	0
G28	G74	0
G28	G75	0
G28	G76	0
G28	G77	0
G28	G78	0
G28	G79	0
G28	G80	0
G29	G1	0
G29	G2	0
G29	G3	0
G29	G4	0
G29	G5	0
G29	G6	0
G29	G7	0
G29	G8	0
G29	G9	0
G29	G10	0
G29	G11	0
G29	G12	0
G29	G13	0
G29	G14	0
G29	G15	0
G29	G16	0
G29	G17	0
G29	G18	0
G29	G19	0
G29	G20	0
G29	G21	0
G29	G22	0
G29	G23	0
G29	G24	0
G29	G25	0
G29	G26	0
G29	G27	0
G29	G28	0
G29	G30	0
G29	G31	0
G29	G32	0
G29	G33	0
G29	G34	0
G29	G35	0
G29	G36	0
G29	G37	0
G29	G38	0
G29	G39	0
G29	G40	0
G29	G41	0
G29	G42	0
G29	G43	0
G29	G44	0
G29	G45	0
G29	G46	0
G29	G47	0
G29	G48	0
G29	G49	0
G29	G50	0
G29	G51	0
G29	G52	0
G29	G53	0
G29	G54	0
G29	G55	0
G29	G56	0
G29	G57	0
G29	G58	0
G29	G59	0
G29	G60	0
G29	G61	0
G29	G62	0
G29	G63	0
G29	G64	0
G29	G65	0
G29	G66	0
G29	G67	0
G29	G68	0
G29	G69	0
G29	G70	0
G29	G71	0
G29	G72	0
G29	G73	0
G29	G74	0
G29	G75	0
G29	G76	0
G29	G77	0
G29	G78	0
G29	G79	0
G29	G80	0
G30	G1	0
G30	G2	0
G30	G3	0
G30	G4	0
G30	G5	0
G30	G6	0
G30	G7	0
G30	G8	0
G30	G9	0
G30	G10	0
G30	G11	0
G30	G12	0
G30	G13	0
G30	G14	0
G30	G15	0
G30	G16	0
G30	G17	0
G30	G18	0
G30	G19	0
G30	G20	0
G30	G21	0
G30	G22	0
G30	G23	0
G30	G24	0
G30	G25	0
G30	G26	0
G30	G27	0
G30	G28	0
G30	G29	0
G30	G31	0
G30	G32	0
G30	G33	0
G30	G34	0
G30	G35	0
G30	G36	0
G30	G37	0
G30	G38	0
G30	G39	0
G30	G40	0
G30	G41	0
G30	G42	0
G30	G43	0
G30	G44	0
G30	G45	0
G30	G46	0
G30	G47	0
G30	G48	0
G30	G49	0
G30	G50	0
G30	G51	0
G30	G52	0
G30	G53	0
G30	G54	0
G30	G55	0
G30	G56	0
G30	G57	0
G30	G58	0
G30	G59	0
G30	G60	0
G30	G61	0
G30	G62	0
G30	G63	0
G30	G64	0
G30	G65	0
G30	G66	0
G30	G67	0
G30	G68	0
G30	G69	0
G30	G70	0
G30	G71	0
G30	G72	0
G30	G73	0
G30	G74	0
G30	G75	0
G30	G76	0
G30	G77	0
G30	G78	0
G30	G79	0
G30	G80	0
G31	G1	0
G31	G2	0
G31	G3	0
G31	G4	0
G31	G5	0
G31	G6	0
G31	G7	0
G31	G8	0
G31	G9	0
G31	G10	0
G31	G11	0
G31	G12	0
G31	G13	0
G31	G14	0
G31	G15	0
G31	G16	0
G31	G17	0
G31	G18	0
G31	G19	0
G31	G20	0
G31	G21	0
G31	G22	0
G31	G23	0
G31	G24	0
G31	G25	0
G31	G26	0
G31	G27	0
G31	G28	0
G31	G29	0
G31	G30	0
G31	G32	0
G31	G33	0
G31	G34	0
G31	G35	0
G31	G36	0
G31	G37	0
G31	G38	0
G31	G39	0
G31	G40	0
G31	G41	0
G31	G42	0
G31	G43	0
G31	G44	0
G31	G45	0
G31	G46	0
G31	G47	0
G31	G48	0
G31	G49	0
G31	G50	0
G31	G51	0
G31	G52	0
G31	G53	0
G31	G54	0
G31	G55	0
G31	G56	0
G31	G57	0
G31	G58	0
G31	G59	0
G31	G60	0
G31	G61	0
G31	G62	0
G31	G63	0
G31	G64	0
G31	G65	0
G31	G66	0
G31	G67	0
G31	G68	0
G31	G69	0
G31	G70	0
G31	G71	0
G31	G72	0
G31	G73	0
G31	G74	0
G31	G75	0
G31	G76	0
G31	G77	0
G31	G78	0
G31	G79	0
G31	G80	0
G32	G1	0
G32	G2	0
G32	G3	0
G32	G4	0
G32	G5	0
G32	G6	0
G32	G7	0
G32	G8	0
G32	G9	0
G32	G10	0
G32	G11	0
G32	G12	0
G32	G13	0
G32	G14	0
G32	G15	0
G32	G16	0
G32	G17	0
G32	G18	0
G32	G19	0
G32	G20	0
G32	G21	0
G32	G22	0
G32	G23	0
G32	G24	0
G32	G25	0
G32	G26	0
G32	G27	0
G32	G28	0
G32	G29	0
G32	G30	0
G32	G31	0
G32	G33	0
G32	G34	0
G32	G35	0
G32	G36	0
G32	G37	0
G32	G38	0
G32	G39	0
G32	G40	0
G32	G41	0
G32	G42	0
G32	G43	0
G32	G44	0
G32	G45	0
G32	G46	0
G32	G47	0
G32	G48	0
G32	G49	0
G32	G50	0
G32	G51	0
G32	G52	0
G32	G53	0
G32	G54	0
G32	G55	0
G32	G56	0
G32	G57	0
G32	G58	0
G32	G59	0
G32	G60	0
G32	G61	0
G32	G62	0
G32	G63	0
G32	G64	0
G32	G65	0
G32	G66	0
G32	G67	0
G32	G68	0
G32	G69	0
G32	G70	0
G32	G71	0
G32	G72	0
G32	G73	0
G32	G74	0
G32	G75	0
G32	G76	0
G32	G77	0
G32	G78	0
G32	G79	0
G32	G80	0
G33	G1	0
G33	G2	0
G33	G3	0
G33	G4	0
G33	G5	0
G33	G6	0
G33	G7	0
G33	G8	0
G33	G9	0
G33	G10	0
G33	G11	0
G33	G12	0
G33	G13	0
G33	G14	0
G33	G15	0
G33	G16	0
G33	G17	0
G33	G18	0
G33	G19	0
G33	G20	0
G33	G21	0
G33	G22	0
G33	G23	0
G33	G24	0
G33	G25	0
G33	G26	0
G33	G27	0
G33	G28	0
G33	G29	0
G33	G30	0
G33	G31	0
G33	G32	0
G33	G34	0
G33	G35	0
G33	G36	0
G33	G37	0
G33	G38	0
G33	G39	0
G33	G40	0
G33	G41	0
G33	G42	0
G33	G43	0
G33	G44	0
G33	G45	0
G33	G46	0
G33	G47	0
G33	G48	0
G33	G49	0
G33	G50	0
G33	G51	0
G33	G52	0
G33	G53	0
G33	G54	0
G33	G55	0
G33	G56	0
G33	G57	0
G33	G58	0
G33	G59	0
G33	G60	0
G33	G61	0
G33	G62	0
G33	G63	0
G33	G64	0
G33	G65	0
G33	G66	0
G33	G67	0
G33	G68	0
G33	G69	0
G33	G70	0
G33	G71	0
G33	G72	0
G33	G73	0
G33	G74	0
G33	G75	0
G33	G76	0
G33	G77	0
G33	G78	0
G33	G79	0
G33	G80	0
G34	G1	0
G34	G2	0
G34	G3	0
G34	G4	0
G34	G5	0
G34	G6	0
G34	G7	0
G34	G8	0
G34	G9	0
G34	G10	0
G34	G11	0
G34	G12	0
G34	G13	0
G34	G14	0
G34	G15	0
G34	G16	0
G34	G17	0
G34	G18	0
G34	G19	0
G34	G20	0
G34	G21	0
G34	G22	0
G34	G23	0
G34	G24	0
G34	G25	0
G34	G26	0
G34	G27	0
G34	G28	0
G34	G30	0
G34	G31	0
G34	G32	0
G34	G40	0
G34	G41	0
G34	G42	0
G34	G43	0
G34	G44	0
G34	G45	0
G34	G46	0
G34	G47	0
G34	G48	0
G34	G49	0
G34	G50	0
G34	G51	0
G34	G52	0
G34	G53	0
G34	G54	0
G34	G55	0
G34	G56	0
G34	G57	0
G34	G58	0
G34	G59	0
G34	G60	0
G34	G61	0
G34	G62	0
G34	G63	0
G34	G64	0
G34	G65	0
G34	G66	0
G34	G67	0
G34	G68	0
G34	G69	0
G34	G70	0
G34	G71	0
G34	G72	0
G34	G73	0
G34	G74	0
G34	G75	0
G34	G76	0
G34	G77	0
G34	G78	0
G34	G79	0
G34	G80	0
G35	G1	0
G35	G2	0
G35	G3	0
G35	G4	0
G35	G5	0
G35	G6	0
G35	G7	0
G35	G8	0
G35	G9	0
G35	G10	0
G35	G11	0
G35	G12	0
G35	G13	0
G35	G14	0
G35	G15	0
G35	G16	0
G35	G17	0
G35	G18	0
G35	G19	0
G35	G20	0
G35	G21	0
G35	G22	0
G35	G23	0
G35	G24	0
G35	G25	0
G35	G26	0
G35	G27	0
G35	G28	0
G35	G29	0
G35	G30	0
G35	G31	0
G35	G32	0
G35	G33	0
G35	G34	0
G35	G36	0
G35	G37	0
G35	G38	0
G35	G39	0
G35	G40	0
G35	G41	0
G35	G42	0
G35	G43	0
G35	G44	0
G35	G45	0
G35	G46	0
G35	G47	0
G35	G48	0
G35	G49	0
G35	G50	0
G35	G51	0
G35	G52	0
G35	G53	0
G35	G54	0
G35	G55	0
G35	G56	0
G35	G57	0
G35	G58	0
G35	G59	0
G35	G60	0
G35	G61	0
G35	G62	0
G35	G63	0
G35	G64	0
G35	G65	0
G35	G66	0
G35	G67	0
G35	G68	0
G35	G69	0
G35	G70	0
G35	G71	0
G35	G72	0
G35	G73	0
G35	G74	0
G35	G75	0
G35	G76	0
G35	G77	0
G35	G78	0
G35	G79	0
G35	G80	0
G36	G1	0
G36	G2	0
G36	G3	0
G36	G4	0
G36	G5	0
G36	G6	0
G36	G7	0
G36	G8	0
G36	G9	0
G36	G10	0
G36	G11	0
G36	G12	0
G36	G13	0
G36	G14	0
G36	G15	0
G36	G16	0
G36	G17	0
G36	G18	0
G36	G19	0
G36	G20	0
G36	G21	0
G36	G22	0
G36	G23	0
G36	G24	0
G36	G25	0
G36	G26	0
G36	G27	0
G36	G28	0
G36	G29	0
G36	G30	0
G36	G31	0
G36	G32	0
G36	G33	0
G36	G34	0
G36	G35	0
G36	G37	0
G36	G38	0
G36	G39	0
G36	G40	0
G36	G41	0
G36	G42	0
G36	G43	0
G36	G44	0
G36	G45	0
G36	G46	0
G36	G47	0
G36	G48	0
G36	G49	0
G36	G50	0
G36	G51	0
G36	G52	0
G36	G53	0
G36	G54	0
G36	G55	0
G36	G56	0
G36	G57	0
G36	G58	0
G36	G59	0
G36	G60	0
G36	G61	0
G36	G62	0
G36	G63	0
G36	G64	0
G36	G65	0
G36	G66	0
G36	G67	0
G36	G68	0
G36	G69	0
G36	G70	0
G36	G71	0
G36	G72	0
G36	G73	0
G36	G74	0
G36	G75	0
G36	G76	0
G36	G77	0
G36	G78	0
G36	G79	0
G36	G80	0
G37	G1	0
G37	G2	0
G37	G3	0
G37	G4	0
G37	G5	0
G37	G6	0
G37	G7	0
G37	G8	0
G37	G9	0
G37	G10	0
G37	G11	0
G37	G12	0
G37	G13	0
G37	G14	0
G37	G15	0
G37	G16	0
G37	G17	0
G37	G18	0
G37	G19	0
G37	G20	0
G37	G21	0
G37	G22	0
G37	G23	0
G37	G24	0
G37	G25	0
G37	G26	0
G37	G27	0
G37	G28	0
G37	G29	0
G37	G30	0
G37	G31	0
G37	G32	0
G37	G33	0
G37	G34	0
G37	G35	0
G37	G36	0
G37	G38	0
G37	G39	0
G37	G40	0
G37	G41	0
G37	G42	0
G37	G43	0
G37	G44	0
G37	G45	0
G37	G46	0
G37	G47	0
G37	G48	0
G37	G49	0
G37	G50	0
G37	G51	0
G37	G52	0
G37	G53	0
G37	G54	0
G37	G55	0
G37	G56	0
G37	G57	0
G37	G58	0
G37	G59	0
G37	G60	0
G37	G61	0
G37	G62	0
G37	G63	0
G37	G64	0
G37	G65	0
G37	G66	0
G37	G67	0
G37	G68	0
G37	G69	0
G37	G70	0
G37	G71	0
G37	G72	0
G37	G73	0
G37	G74	0
G37	G75	0
G37	G76	0
G37	G77	0
G37	G78	0
G37	G79	0
G37	G80	0
G38	G1	0
G38	G2	0
G38	G3	0
G38	G4	0
G38	G5	0
G38	G6	0
G38	G7	0
G38	G8	0
G38	G9	0
G38	G10	0
G38	G11	0
G38	G12	0
G38	G13	0
G38	G14	0
G38	G15	0
G38	G16	0
G38	G17	0
G38	G18	0
G38	G19	0
G38	G20	0
G38	G21	0
G38	G22	0
G38	G23	0
G38	G24	0
G38	G25	0
G38	G26	0
G38	G27	0
G38	G28	0
G38	G29	0
G38	G30	0
G38	G31	0
G38	G32	0
G38	G33	0
G38	G34	0
G38	G35	0
G38	G36	0
G38	G37	0
G38	G39	0
G38	G40	0
G38	G41	0
G38	G42	0
G38	G43	0
G38	G44	0
G38	G45	0
G38	G46	0
G38	G47	0
G38	G48	0
G38	G49	0
G38	G50	0
G38	G51	0
G38	G52	0
G38	G53	0
G38	G54	0
G38	G55	0
G38	G56	0
G38	G57	0
G38	G58	0
G38	G59	0
G38	G60	0
G38	G61	0
G38	G62	0
G38	G63	0
G38	G64	0
G38	G65	0
G38	G66	0
G38	G67	0
G38	G68	0
G38	G69	0
G38	G70	0
G38	G71	0
G38	G72	0
G38	G73	0
G38	G74	0
G38	G75	0
G38	G76	0
G38	G77	0
G38	G78	0
G38	G79	0
G38	G80	0
G39	G1	0
G39	G2	0
G39	G3	0
G39	G4	0
G39	G5	0
G39	G6	0
G39	G7	0
G39	G8	0
G39	G9	0
G39	G10	0
G39	G11	0
G39	G12	0
G39	G13	0
G39	G14	0
G39	G15	0
G39	G16	0
G39	G17	0
G39	G18	0
G39	G19	0
G39	G20	0
G39	G21	0
G39	G22	0
G39	G23	0
G39	G24	0
G39	G25	0
G39	G26	0
G39	G27	0
G39	G28	0
G39	G29	0
G39	G30	0
G39	G31	0
G39	G32	0
G39	G33	0
G39	G34	0
G39	G35	0
G39	G36	0
G39	G37	0
G39	G38	0
G39	G40	0
G39	G41	0
G39	G42	0
G39	G43	0
G39	G44	0
G39	G45	0
G39	G46	0
G39	G47	0
G39	G48	0
G39	G49	0
G39	G50	0
G39	G51	0
G39	G52	0
G39	G53	0
G39	G54	0
G39	G55	0
G39	G56	0
G39	G57	0
G39	G58	0
G39	G59	0
G39	G60	0
G39	G61	0
G39	G62	0
G39	G63	0
G39	G64	0
G39	G65	0
G39	G66	0
G39	G67	0
G39	G68	0
G39	G69	0
G39	G70	0
G39	G71	0
G39	G72	0
G39	G73	0
G39	G74	0
G39	G75	0
G39	G76	0
G39	G77	0
G39	G78	0
G39	G79	0
G39	G80	0
G40	G1	0
G40	G2	0
G40	G3	0
G40	G4	0
G40	G5	0
G40	G6	0
G40	G7	0
G40	G8	0
G40	G9	0
G40	G10	0
G40	G11	0
G40	G12	0
G40	G13	0
G40	G14	0
G40	G15	0
G40	G16	0
G40	G17	0
G40	G18	0
G40	G19	0
G40	G20	0
G40	G21	0
G40	G22	0
G40	G23	0
G40	G24	0
G40	G25	0
G40	G26	0
G40	G27	0
G40	G28	0
G40	G29	0
G40	G30	0
G40	G31	0
G40	G32	0
G40	G33	0
G40	G34	0
G40	G35	0
G40	G36	0
G40	G37	0
G40	G38	0
G40	G39	0
G40	G41	0
G40	G42	0
G40	G43	0
G40	G44	0
G40	G45	0
G40	G46	0
G40	G47	0
G40	G48	0
G40	G49	0
G40	G50	0
G40	G51	0
G40	G52	0
G40	G53	0
G40	G54	0
G40	G55	0
G40	G56	0
G40	G57	0
G40	G58	0
G40	G59	0
G40	G60	0
G40	G61	0
G40	G62	0
G40	G63	0
G40	G64	0
G40	G65	0
G40	G66	0
G40	G67	0
G40	G68	0
G40	G69	0
G40	G70	0
G40	G71	0
G40	G72	0
G40	G73	0
G40	G74	0
G40	G75	0
G40	G76	0
G40	G77	0
G40	G78	0
G40	G79	0
G40	G80	0
G41	G1	0
G41	G2	0
G41	G3	0
G41	G4	0
G41	G5	0
G41	G6	0
G41	G7	0
G41	G8	0
G41	G9	0
G41	G10	0
G41	G11	0
G41	G12	0
G41	G13	0
G41	G14	0
G41	G15	0
G41	G16	0
G41	G17	0
G41	G18	0
G41	G19	0
G41	G20	0
G41	G21	0
G41	G22	0
G41	G23	0
G41	G24	0
G41	G25	0
G41	G26	0
G41	G27	0
G41	G28	0
G41	G29	0
G41	G30	0
G41	G31	0
G41	G32	0
G41	G33	0
G41	G34	0
G41	G35	0
G41	G36	0
G41	G37	0
G41	G38	0
G41	G39	0
G41	G40	0
G41	G42	0
G41	G43	0
G41	G44	0
G41	G45	0
G41	G46	0
G41	G47	0
G41	G48	0
G41	G49	0
G41	G50	0
G41	G51	0
G41	G52	0
G41	G53	0
G41	G54	0
G41	G55	0
G41	G56	0
G41	G57	0
G41	G58	0
G41	G59	0
G41	G60	0
G41	G61	0
G41	G62	0
G41	G63	0
G41	G64	0
G41	G65	0
G41	G66	0
G41	G67	0
G41	G68	0
G41	G69	0
G41	G70	0
G41	G71	0
G41	G72	0
G41	G73	0
G41	G74	0
G41	G75	0
G41	G76	0
G41	G77	0
G41	G78	0
G41	G79	0
G41	G80	0
G42	G1	0
G42	G2	0
G42	G3	0
G42	G4	0
G42	G5	0
G42	G6	0
G42	G7	0
G42	G8	0
G42	G9	0
G42	G10	0
G42	G11	0
G42	G12	0
G42	G13	0
G42	G14	0
G42	G15	0
G42	G16	0
G42	G17	0
G42	G18	0
G42	G19	0
G42	G20	0
G42	G21	0
G42	G22	0
G42	G23	0
G42	G24	0
G42	G25	0
G42	G26	0
G42	G27	0
G42	G28	0
G42	G29	0
G42	G30	0
G42	G31	0
G42	G33	0
G42	G34	0
G42	G35	0
G42	G36	0
G42	G37	0
G42	G38	0
G42	G39	0
G42	G40	0
G42	G48	0
G42	G52	0
G42	G53	0
G42	G54	0
G42	G55	0
G42	G56	0
G42	G57	0
G42	G58	0
G42	G59	0
G42	G60	0
G42	G61	0
G42	G62	0
G42	G63	0
G42	G64	0
G42	G65	0
G42	G66	0
G42	G67	0
G42	G68	0
G42	G69	0
G42	G70	0
G42	G71	0
G42	G72	0
G42	G73	0
G42	G74	0
G42	G75	0
G42	G76	0
G42	G77	0
G42	G78	0
G42	G79	0
G42	G80	0
G43	G1	0
G43	G2	0
G43	G3	0
G43	G4	0
G43	G5	0
G43	G6	0
G43	G7	0
G43	G8	0
G43	G9	0
G43	G10	0
G43	G11	0
G43	G12	0
G43	G13	0
G43	G14	0
G43	G15	0
G43	G16	0
G43	G17	0
G43	G18	0
G43	G19	0
G43	G20	0
G43	G21	0
G43	G22	0
G43	G23	0
G43	G24	0
G43	G25	0
G43	G26	0
G43	G27	0
G43	G28	0
G43	G29	0
G43	G30	0
G43	G31	0
G43	G32	0
G43	G33	0
G43	G34	0
G43	G35	0
G43	G36	0
G43	G37	0
G43	G38	0
G43	G39	0
G43	G40	0
G43	G41	0
G43	G42	0
G43	G44	0
G43	G45	0
G43	G46	0
G43	G47	0
G43	G48	0
G43	G49	0
G43	G50	0
G43	G51	0
G43	G52	0
G43	G53	0
G43	G54	0
G43	G55	0
G43	G56	0
G43	G57	0
G43	G58	0
G43	G59	0
G43	G60	0
G43	G61	0
G43	G62	0
G43	G63	0
G43	G64	0
G43	G65	0
G43	G66	0
G43	G67	0
G43	G68	0
G43	G69	0
G43	G70	0
G43	G71	0
G43	G72	0
G43	G73	0
G43	G74	0
G43	G75	0
G43	G76	0
G43	G77	0
G43	G78	0
G43	G79	0
G43	G80	0
G44	G1	0
G44	G2	0
G44	G3	0
G44	G4	0
G44	G5	0
G44	G6	0
G44	G7	0
G44	G8	0
G44	G9	0
G44	G10	0
G44	G11	0
G44	G12	0
G44	G13	0
G44	G14	0
G44	G15	0
G44	G16	0
G44	G17	0
G44	G18	0
G44	G19	0
G44	G20	0
G44	G21	0
G44	G22	0
G44	G23	0
G44	G24	0
G44	G25	0
G44	G26	0
G44	G27	0
G44	G28	0
G44	G29	0
G44	G30	0
G44	G31	0
G44	G32	0
G44	G33	0
G44	G34	0
G44	G35	0
G44	G36	0
G44	G37	0
G44	G38	0
G44	G39	0
G44	G40	0
G44	G41	0
G44	G42	0
G44	G43	0
G44	G45	0
G44	G46	0
G44	G47	0
G44	G48	0
G44	G49	0
G44	G50	0
G44	G51	0
G44	G52	0
G44	G53	0
G44	G54	0
G44	G55	0
G44	G56	0
G44	G57	0
G44	G58	0
G44	G59	0
G44	G60	0
G44	G61	0
G44	G62	0
G44	G63	0
G44	G64	0
G44	G65	0
G44	G66	0
G44	G67	0
G44	G68	0
G44	G69	0
G44	G70	0
G44	G71	0
G44	G72	0
G44	G73	0
G44	G74	0
G44	G75	0
G44	G76	0
G44	G77	0
G44	G78	0
G44	G79	0
G44	G80	0
G45	G1	0
G45	G2	0
G45	G3	0
G45	G4	0
G45	G5	0
G45	G6	0
G45	G7	0
G45	G8	0
G45	G9	0
G45	G10	0
G45	G11	0
G45	G12	0
G45	G13	0
G45	G14	0
G45	G15	0
G45	G16	0
G45	G17	0
G45	G18	0
G45	G19	0
G45	G20	0
G45	G21	0
G45	G22	0
G45	G23	0
G45	G24	0
G45	G25	0
G45	G26	0
G45	G27	0
G45	G28	0
G45	G29	0
G45	G30	0
G45	G31	0
G45	G32	0
G45	G33	0
G45	G34	0
G45	G35	0
G45	G36	0
G45	G37	0
G45	G38	0
G45	G39	0
G45	G40	0
G45	G41	0
G45	G42	0
G45	G43	0
G45	G44	0
G45	G46	0
G45	G47	0
G45	G48	0
G45	G49	0
G45	G50	0
G45	G51	0
G45	G52	0
G45	G53	0
G45	G54	0
G45	G55	0
G45	G56	0
G45	G57	0
G45	G58	0
G45	G59	0
G45	G60	0
G45	G61	0
G45	G62	0
G45	G63	0
G45	G64	0
G45	G65	0
G45	G66	0
G45	G67	0
G45	G68	0
G45	G69	0
G45	G70	0
G45	G71	0
G45	G72	0
G45	G73	0
G45	G74	0
G45	G75	0
G45	G76	0
G45	G77	0
G45	G78	0
G45	G79	0
G45	G80	0
G46	G1	0
G46	G2	0
G46	G3	0
G46	G4	0
G46	G5	0
G46	G6	0
G46	G7	0
G46	G8	0
G46	G9	0
G46	G10	0
G46	G11	0
G46	G12	0
G46	G13	0
G46	G14	0
G46	G15	0
G46	G16	0
G46	G17	0
G46	G18	0
G46	G19	0
G46	G20	0
G46	G21	0
G46	G22	0
G46	G23	0
G46	G24	0
G46	G25	0
G46	G26	0
G46	G27	0
G46	G28	0
G46	G29	0
G46	G30	0
G46	G31	0
G46	G32	0
G46	G33	0
G46	G34	0
G46	G35	0
G46	G36	0
G46	G37	0
G46	G38	0
G46	G39	0
G46	G40	0
G46	G41	0
G46	G42	0
G46	G43	0
G46	G44	0
G46	G45	0
G46	G47	0
G46	G48	0
G46	G49	0
G46	G50	0
G46	G51	0
G46	G52	0
G46	G53	0
G46	G54	0
G46	G55	0
G46	G56	0
G46	G57	0
G46	G58	0
G46	G59	0
G46	G60	0
G46	G61	0
G46	G62	0
G46	G63	0
G46	G64	0
G46	G65	0
G46	G66	0
G46	G67	0
G46	G68	0
G46	G69	0
G46	G70	0
G46	G71	0
G46	G72	0
G46	G73	0
G46	G74	0
G46	G75	0
G46	G76	0
G46	G77	0
G46	G78	0
G46	G79	0
G46	G80	0
G47	G1	0
G47	G2	0
G47	G3	0
G47	G4	0
G47	G5	0
G47	G6	0
G47	G7	0
G47	G8	0
G47	G9	0
G47	G10	0
G47	G11	0
G47	G12	0
G47	G13	0
G47	G14	0
G47	G15	0
G47	G16	0
G47	G17	0
G47	G18	0
G47	G19	0
G47	G20	0
G47	G21	0
G47	G22	0
G47	G23	0
G47	G24	0
G47	G25	0
G47	G26	0
G47	G27	0
G47	G28	0
G47	G29	0
G47	G30	0
G47	G31	0
G47	G32	0
G47	G33	0
G47	G34	0
G47	G35	0
G47	G36	0
G47	G37	0
G47	G38	0
G47	G39	0
G47	G40	0
G47	G41	0
G47	G42	0
G47	G43	0
G47	G44	0
G47	G45	0
G47	G46	0
G47	G48	0
G47	G49	0
G47	G50	0
G47	G51	0
G47	G52	0
G47	G53	0
G47	G54	0
G47	G55	0
G47	G56	0
G47	G57	0
G47	G58	0
G47	G59	0
G47	G60	0
G47	G61	0
G47	G62	0
G47	G63	0
G47	G64	0
G47	G65	0
G47	G66	0
G47	G67	0
G47	G68	0
G47	G69	0
G47	G70	0
G47	G71	0
G47	G72	0
G47	G73	0
G47	G74	0
G47	G75	0
G47	G76	0
G47	G77	0
G47	G78	0
G47	G79	0
G47	G80	0
G48	G1	0
G48	G2	0
G48	G3	0
G48	G4	0
G48	G5	0
G48	G6	0
G48	G7	0
G48	G8	0
G48	G9	0
G48	G10	0
G48	G11	0
G48	G12	0
G48	G13	0
G48	G14	0
G48	G15	0
G48	G16	0
G48	G17	0
G48	G18	0
G48	G19	0
G48	G20	0
G48	G21	0
G48	G22	0
G48	G23	0
G48	G24	0
G48	G25	0
G48	G26	0
G48	G27	0
G48	G28	0
G48	G29	0
G48	G30	0
G48	G31	0
G48	G32	0
G48	G33	0
G48	G34	0
G48	G35	0
G48	G36	0
G48	G37	0
G48	G38	0
G48	G39	0
G48	G40	0
G48	G41	0
G48	G42	0
G48	G43	0
G48	G44	0
G48	G52	0
G48	G54	0
G48	G60	0
G48	G62	0
G48	G63	0
G48	G64	0
G48	G65	0
G48	G66	0
G48	G67	0
G48	G68	0
G48	G69	0
G48	G70	0
G48	G71	0
G48	G72	0
G48	G73	0
G48	G74	0
G48	G75	0
G48	G76	0
G48	G77	0
G48	G78	0
G48	G79	0
G48	G80	0
G49	G1	0
G49	G2	0
G49	G3	0
G49	G4	0
G49	G5	0
G49	G6	0
G49	G7	0
G49	G8	0
G49	G9	0
G49	G10	0
G49	G11	0
G49	G12	0
G49	G13	0
G49	G14	0
G49	G15	0
G49	G16	0
G49	G17	0
G49	G18	0
G49	G19	0
G49	G20	0
G49	G21	0
G49	G22	0
G49	G23	0
G49	G24	0
G49	G25	0
G49	G26	0
G49	G27	0
G49	G28	0
G49	G29	0
G49	G30	0
G49	G31	0
G49	G32	0
G49	G33	0
G49	G34	0
G49	G35	0
G49	G36	0
G49	G37	0
G49	G38	0
G49	G39	0
G49	G40	0
G49	G41	0
G49	G42	0
G49	G43	0
G49	G44	0
G49	G45	0
G49	G46	0
G49	G47	0
G49	G48	0
G49	G50	0
G49	G51	0
G49	G52	0
G49	G53	0
G49	G54	0
G49	G55	0
G49	G56	0
G49	G57	0
G49	G58	0
G49	G59	0
G49	G60	0
G49	G61	0
G49	G62	0
G49	G63	0
G49	G64	0
G49	G65	0
G49	G66	0
G49	G67	0
G49	G68	0
G49	G69	0
G49	G70	0
G49	G71	0
G49	G72	0
G49	G73	0
G49	G74	0
G49	G75	0
G49	G76	0
G49	G77	0
G49	G78	0
G49	G79	0
G49	G80	0
G50	G1	0
G50	G2	0
G50	G3	0
G50	G4	0
G50	G5	0
G50	G6	0
G50	G7	0
G50	G8	0
G50	G9	0
G50	G10	0
G50	G11	0
G50	G12	0
G50	G13	0
G50	G14	0
G50	G15	0
G50	G16	0
G50	G17	0
G50	G18	0
G50	G19	0
G50	G20	0
G50	G21	0
G50	G22	0
G50	G23	0
G50	G24	0
G50	G25	0
G50	G26	0
G50	G27	0
G50	G28	0
G50	G29	0
G50	G30	0
G50	G31	0
G50	G32	0
G50	G33	0
G50	G34	0
G50	G35	0
G50	G36	0
G50	G37	0
G50	G38	0
G50	G39	0
G50	G40	0
G50	G41	0
G50	G42	0
G50	G43	0
G50	G44	0
G50	G45	0
G50	G46	0
G50	G47	0
G50	G48	0
G50	G49	0
G50	G51	0
G50	G52	0
G50	G53	0
G50	G54	0
G50	G55	0
G50	G56	0
G50	G57	0
G50	G58	0
G50	G59	0
G50	G60	0
G50	G61	0
G50	G62	0
G50	G63	0
G50	G64	0
G50	G65	0
G50	G66	0
G50	G67	0
G50	G68	0
G50	G69	0
G50	G70	0
G50	G71	0
G50	G72	0
G50	G73	0
G50	G74	0
G50	G75	0
G50	G76	0
G50	G77	0
G50	G78	0
G50	G79	0
G50	G80	0
G51	G1	0
G51	G2	0
G51	G3	0
G51	G4	0
G51	G5	0
G51	G6	0
G51	G7	0
G51	G8	0
G51	G9	0
G51	G10	0
G51	G11	0
G51	G12	0
G51	G13	0
G51	G14	0
G51	G15	0
G51	G16	0
G51	G17	0
G51	G18	0
G51	G19	0
G51	G20	0
G51	G21	0
G51	G22	0
G51	G23	0
G51	G24	0
G51	G25	0
G51	G26	0
G51	G27	0
G51	G28	0
G51	G29	0
G51	G30	0
G51	G31	0
G51	G32	0
G51	G33	0
G51	G34	0
G51	G35	0
G51	G36	0
G51	G37	0
G51	G38	0
G51	G39	0
G51	G40	0
G51	G41	0
G51	G42	0
G51	G43	0
G51	G44	0
G51	G45	0
G51	G46	0
G51	G47	0
G51	G48	0
G51	G49	0
G51	G50	0
G51	G52	0
G51	G53	0
G51	G54	0
G51	G55	0
G51	G56	0
G51	G57	0
G51	G58	0
G51	G59	0
G51	G60	0
G51	G61	0
G51	G62	0
G51	G63	0
G51	G64	0
G51	G65	0
G51	G66	0
G51	G67	0
G51	G68	0
G51	G69	0
G51	G70	0
G51	G71	0
G51	G72	0
G51	G73	0
G51	G74	0
G51	G75	0
G51	G76	0
G51	G77	0
G51	G78	0
G51	G79	0
G51	G80	0
G52	G1	0
G52	G2	0
G52	G3	0
G52	G4	0
G52	G5	0
G52	G6	0
G52	G7	0
G52	G8	0
G52	G9	0
G52	G10	0
G52	G11	0
G52	G12	0
G52	G13	0
G52	G14	0
G52	G15	0
G52	G16	0
G52	G17	0
G52	G18	0
G52	G19	0
G52	G20	0
G52	G21	0
G52	G22	0
G52	G23	0
G52	G24	0
G52	G25	0
G52	G26	0
G52	G27	0
G52	G28	0
G52	G29	0
G52	G30	0
G52	G31	0
G52	G32	0
G52	G33	0
G52	G34	0
G52	G35	0
G52	G36	0
G52	G37	0
G52	G38	0
G52	G39	0
G52	G40	0
G52	G41	0
G52	G42	0
G52	G43	0
G52	G44	0
G52	G48	0
G52	G54	0
G52	G60	0
G52	G67	0
G52	G70	0
G52	G79	0
G52	G80	0
G53	G1	0
G53	G2	0
G53	G3	0
G53	G4	0
G53	G5	0
G53	G6	0
G53	G7	0
G53	G8	0
G53	G9	0
G53	G10	0
G53	G11	0
G53	G12	0
G53	G13	0
G53	G14	0
G53	G15	0
G53	G16	0
G53	G17	0
G53	G18	0
G53	G19	0
G53	G20	0
G53	G21	0
G53	G22	0
G53	G23	0
G53	G24	0
G53	G25	0
G53	G26	0
G53	G27	0
G53	G28	0
G53	G29	0
G53	G30	0
G53	G31	0
G53	G32	0
G53	G33	0
G53	G34	0
G53	G35	0
G53	G36	0
G53	G37	0
G53	G38	0
G53	G39	0
G53	G40	0
G53	G41	0
G53	G42	0
G53	G43	0
G53	G44	0
G53	G45	0
G53	G46	0
G53	G47	0
G53	G48	0
G53	G49	0
G53	G50	0
G53	G51	0
G53	G52	0
G53	G54	0
G53	G55	0
G53	G56	0
G53	G57	0
G53	G58	0
G53	G59	0
G53	G60	0
G53	G61	0
G53	G62	0
G53	G63	0
G53	G64	0
G53	G65	0
G53	G66	0
G53	G67	0
G53	G68	0
G53	G69	0
G53	G70	0
G53	G71	0
G53	G72	0
G53	G73	0
G53	G74	0
G53	G75	0
G53	G76	0
G53	G77	0
G53	G78	0
G53	G79	0
G53	G80	0
G54	G1	0
G54	G2	0
G54	G3	0
G54	G4	0
G54	G5	0
G54	G6	0
G54	G7	0
G54	G8	0
G54	G9	0
G54	G10	0
G54	G11	0
G54	G12	0
G54	G13	0
G54	G14	0
G54	G15	0
G54	G16	0
G54	G17	0
G54	G18	0
G54	G19	0
G54	G21	0
G54	G22	0
G54	G23	0
G54	G24	0
G54	G25	0
G54	G26	0
G54	G27	0
G54	G29	0
G54	G30	0
G54	G32	0
G54	G33	0
G54	G34	0
G54	G35	0
G54	G36	0
G54	G37	0
G54	G38	0
G54	G39	0
G54	G40	0
G54	G41	0
G54	G42	0
G54	G43	0
G54	G44	0
G54	G48	0
G54	G52	0
G54	G60	0
G54	G67	0
G54	G70	0
G54	G79	0
G54	G80	0
G55	G1	0
G55	G2	0
G55	G3	0
G55	G4	0
G55	G5	0
G55	G6	0
G55	G7	0
G55	G8	0
G55	G9	0
G55	G10	0
G55	G11	0
G55	G12	0
G55	G13	0
G55	G14	0
G55	G15	0
G55	G16	0
G55	G17	0
G55	G18	0
G55	G19	0
G55	G20	0
G55	G21	0
G55	G22	0
G55	G23	0
G55	G24	0
G55	G25	0
G55	G26	0
G55	G27	0
G55	G28	0
G55	G29	0
G55	G30	0
G55	G31	0
G55	G32	0
G55	G33	0
G55	G34	0
G55	G35	0
G55	G36	0
G55	G37	0
G55	G38	0
G55	G39	0
G55	G40	0
G55	G41	0
G55	G42	0
G55	G43	0
G55	G44	0
G55	G45	0
G55	G46	0
G55	G47	0
G55	G48	0
G55	G49	0
G55	G50	0
G55	G51	0
G55	G52	0
G55	G53	0
G55	G54	0
G55	G56	0
G55	G57	0
G55	G58	0
G55	G59	0
G55	G60	0
G55	G61	0
G55	G62	0
G55	G63	0
G55	G64	0
G55	G65	0
G55	G66	0
G55	G67	0
G55	G68	0
G55	G69	0
G55	G70	0
G55	G71	0
G55	G72	0
G55	G73	0
G55	G74	0
G55	G75	0
G55	G76	0
G55	G77	0
G55	G78	0
G55	G79	0
G55	G80	0
G56	G1	0
G56	G2	0
G56	G3	0
G56	G4	0
G56	G5	0
G56	G6	0
G56	G7	0
G56	G8	0
G56	G9	0
G56	G10	0
G56	G11	0
G56	G12	0
G56	G13	0
G56	G14	0
G56	G15	0
G56	G16	0
G56	G17	0
G56	G18	0
G56	G19	0
G56	G20	0
G56	G21	0
G56	G22	0
G56	G23	0
G56	G24	0
G56	G25	0
G56	G26	0
G56	G27	0
G56	G28	0
G56	G29	0
G56	G30	0
G56	G31	0
G56	G32	0
G56	G33	0
G56	G34	0
G56	G35	0
G56	G36	0
G56	G37	0
G56	G38	0
G56	G39	0
G56	G40	0
G56	G41	0
G56	G42	0
G56	G43	0
G56	G44	0
G56	G45	0
G56	G46	0
G56	G47	0
G56	G48	0
G56	G49	0
G56	G50	0
G56	G51	0
G56	G52	0
G56	G53	0
G56	G54	0
G56	G55	0
G56	G57	0
G56	G58	0
G56	G59	0
G56	G60	0
G56	G61	0
G56	G62	0
G56	G63	0
G56	G64	0
G56	G65	0
G56	G66	0
G56	G67	0
G56	G68	0
G56	G69	0
G56	G70	0
G56	G71	0
G56	G72	0
G56	G73	0
G56	G74	0
G56	G75	0
G56	G76	0
G56	G77	0
G56	G78	0
G56	G79	0
G56	G80	0
G57	G1	0
G57	G2	0
G57	G3	0
G57	G4	0
G57	G5	0
G57	G6	0
G57	G7	0
G57	G8	0
G57	G9	0
G57	G10	0
G57	G11	0
G57	G12	0
G57	G13	0
G57	G14	0
G57	G15	0
G57	G16	0
G57	G17	0
G57	G18	0
G57	G19	0
G57	G20	0
G57	G21	0
G57	G22	0
G57	G23	0
G57	G24	0
G57	G25	0
G57	G26	0
G57	G27	0
G57	G28	0
G57	G29	0
G57	G30	0
G57	G31	0
G57	G32	0
G57	G33	0
G57	G34	0
G57	G35	0
G57	G36	0
G57	G37	0
G57	G38	0
G57	G39	0
G57	G40	0
G57	G41	0
G57	G42	0
G57	G43	0
G57	G44	0
G57	G45	0
G57	G46	0
G57	G47	0
G57	G48	0
G57	G49	0
G57	G50	0
G57	G51	0
G57	G52	0
G57	G53	0
G57	G54	0
G57	G55	0
G57	G56	0
G57	G58	0
G57	G59	0
G57	G60	0
G57	G61	0
G57	G62	0
G57	G63	0
G57	G64	0
G57	G65	0
G57	G66	0
G57	G67	0
G57	G68	0
G57	G69	0
G57	G70	0
G57	G71	0
G57	G72	0
G57	G73	0
G57	G74	0
G57	G75	0
G57	G76	0
G57	G77	0
G57	G78	0
G57	G79	0
G57	G80	0
G58	G1	0
G58	G2	0
G58	G3	0
G58	G4	0
G58	G5	0
G58	G6	0
G58	G7	0
G58	G8	0
G58	G9	0
G58	G10	0
G58	G11	0
G58	G12	0
G58	G13	0
G58	G14	0
G58	G15	0
G58	G16	0
G58	G17	0
G58	G18	0
G58	G19	0
G58	G20	0
G58	G21	0
G58	G22	0
G58	G23	0
G58	G24	0
G58	G25	0
G58	G26	0
G58	G27	0
G58	G28	0
G58	G29	0
G58	G30	0
G58	G31	0
G58	G32	0
G58	G33	0
G58	G34	0
G58	G35	0
G58	G36	0
G58	G37	0
G58	G38	0
G58	G39	0
G58	G40	0
G58	G41	0
G58	G42	0
G58	G43	0
G58	G44	0
G58	G45	0
G58	G46	0
G58	G47	0
G58	G48	0
G58	G49	0
G58	G50	0
G58	G51	0
G58	G52	0
G58	G53	0
G58	G54	0
G58	G55	0
G58	G56	0
G58	G57	0
G58	G59	0
G58	G60	0
G58	G61	0
G58	G62	0
G58	G63	0
G58	G64	0
G58	G65	0
G58	G66	0
G58	G67	0
G58	G68	0
G58	G69	0
G58	G70	0
G58	G71	0
G58	G72	0
G58	G73	0
G58	G74	0
G58	G75	0
G58	G76	0
G58	G77	0
G58	G78	0
G58	G79	0
G58	G80	0
G59	G1	0
G59	G2	0
G59	G3	0
G59	G4	0
G59	G5	0
G59	G6	0
G59	G7	0
G59	G8	0
G59	G9	0
G59	G10	0
G59	G11	0
G59	G12	0
G59	G13	0
G59	G14	0
G59	G15	0
G59	G16	0
G59	G17	0
G59	G18	0
G59	G19	0
G59	G20	0
G59	G21	0
G59	G22	0
G59	G23	0
G59	G24	0
G59	G25	0
G59	G26	0
G59	G27	0
G59	G28	0
G59	G29	0
G59	G30	0
G59	G31	0
G59	G32	0
G59	G33	0
G59	G34	0
G59	G35	0
G59	G36	0
G59	G37	0
G59	G38	0
G59	G39	0
G59	G40	0
G59	G41	0
G59	G42	0
G59	G43	0
G59	G44	0
G59	G45	0
G59	G46	0
G59	G47	0
G59	G48	0
G59	G49	0
G59	G50	0
G59	G51	0
G59	G52	0
G59	G53	0
G59	G54	0
G59	G55	0
G59	G56	0
G59	G57	0
G59	G58	0
G59	G60	0
G59	G61	0
G59	G62	0
G59	G63	0
G59	G64	0
G59	G65	0
G59	G66	0
G59	G67	0
G59	G68	0
G59	G69	0
G59	G70	0
G59	G71	0
G59	G72	0
G59	G73	0
G59	G74	0
G59	G75	0
G59	G76	0
G59	G77	0
G59	G78	0
G59	G79	0
G59	G80	0
G60	G1	0
G60	G2	0
G60	G3	0
G60	G4	0
G60	G5	0
G60	G6	0
G60	G7	0
G60	G8	0
G60	G9	0
G60	G10	0
G60	G11	0
G60	G12	0
G60	G13	0
G60	G14	0
G60	G15	0
G60	G16	0
G60	G17	0
G60	G18	0
G60	G19	0
G60	G20	0
G60	G21	0
G60	G22	0
G60	G23	0
G60	G24	0
G60	G25	0
G60	G26	0
G60	G27	0
G60	G28	0
G60	G29	0
G60	G30	0
G60	G31	0
G60	G32	0
G60	G33	0
G60	G34	0
G60	G35	0
G60	G36	0
G60	G37	0
G60	G38	0
G60	G39	0
G60	G40	0
G60	G41	0
G60	G42	0
G60	G43	0
G60	G44	0
G60	G45	0
G60	G46	0
G60	G47	0
G60	G48	0
G60	G49	0
G60	G50	0
G60	G51	0
G60	G52	0
G60	G67	0
G60	G70	0
G60	G72	0
G60	G73	0
G60	G74	0
G60	G75	0
G60	G76	0
G60	G77	0
G60	G78	0
G60	G79	0
G60	G80	0
G61	G1	0
G61	G2	0
G61	G3	0
G61	G4	0
G61	G5	0
G61	G6	0
G61	G7	0
G61	G8	0
G61	G9	0
G61	G10	0
G61	G11	0
G61	G12	0
G61	G13	0
G61	G14	0
G61	G15	0
G61	G16	0
G61	G17	0
G61	G18	0
G61	G19	0
G61	G20	0
G61	G21	0
G61	G22	0
G61	G23	0
G61	G24	0
G61	G25	0
G61	G26	0
G61	G27	0
G61	G28	0
G61	G29	0
G61	G30	0
G61	G31	0
G61	G32	0
G61	G33	0
G61	G34	0
G61	G35	0
G61	G36	0
G61	G37	0
G61	G38	0
G61	G39	0
G61	G40	0
G61	G41	0
G61	G42	0
G61	G43	0
G61	G44	0
G61	G45	0
G61	G46	0
G61	G47	0
G61	G48	0
G61	G49	0
G61	G50	0
G61	G51	0
G61	G52	0
G61	G53	0
G61	G54	0
G61	G55	0
G61	G56	0
G61	G57	0
G61	G58	0
G61	G59	0
G61	G60	0
G61	G62	0
G61	G63	0
G61	G64	0
G61	G65	0
G61	G66	0
G61	G67	0
G61	G68	0
G61	G69	0
G61	G70	0
G61	G71	0
G61	G72	0
G61	G73	0
G61	G74	0
G61	G75	0
G61	G76	0
G61	G77	0
G61	G78	0
G61	G79	0
G61	G80	0
G62	G1	0
G62	G2	0
G62	G3	0
G62	G4	0
G62	G5	0
G62	G6	0
G62	G7	0
G62	G8	0
G62	G9	0
G62	G10	0
G62	G11	0
G62	G12	0
G62	G13	0
G62	G14	0
G62	G15	0
G62	G16	0
G62	G17	0
G62	G18	0
G62	G19	0
G62	G20	0
G62	G21	0
G62	G22	0
G62	G23	0
G62	G24	0
G62	G25	0
G62	G26	0
G62	G27	0
G62	G28	0
G62	G29	0
G62	G30	0
G62	G31	0
G62	G32	0
G62	G33	0
G62	G34	0
G62	G35	0
G62	G36	0
G62	G37	0
G62	G38	0
G62	G39	0
G62	G40	0
G62	G41	0
G62	G42	0
G62	G43	0
G62	G44	0
G62	G45	0
G62	G46	0
G62	G47	0
G62	G48	0
G62	G49	0
G62	G50	0
G62	G51	0
G62	G52	0
G62	G53	0
G62	G54	0
G62	G55	0
G62	G56	0
G62	G57	0
G62	G58	0
G62	G59	0
G62	G60	0
G62	G61	0
G62	G63	0
G62	G64	0
G62	G65	0
G62	G66	0
G62	G67	0
G62	G68	0
G62	G69	0
G62	G70	0
G62	G71	0
G62	G72	0
G62	G73	0
G62	G74	0
G62	G75	0
G62	G76	0
G62	G77	0
G62	G78	0
G62	G79	0
G62	G80	0
G63	G1	0
G63	G2	0
G63	G3	0
G63	G4	0
G63	G5	0
G63	G6	0
G63	G7	0
G63	G8	0
G63	G9	0
G63	G10	0
G63	G11	0
G63	G12	0
G63	G13	0
G63	G14	0
G63	G15	0
G63	G16	0
G63	G17	0
G63	G18	0
G63	G19	0
G63	G20	0
G63	G21	0
G63	G22	0
G63	G23	0
G63	G24	0
G63	G25	0
G63	G26	0
G63	G27	0
G63	G28	0
G63	G29	0
G63	G30	0
G63	G31	0
G63	G32	0
G63	G33	0
G63	G34	0
G63	G35	0
G63	G36	0
G63	G37	0
G63	G38	0
G63	G39	0
G63	G40	0
G63	G41	0
G63	G42	0
G63	G43	0
G63	G44	0
G63	G45	0
G63	G46	0
G63	G47	0
G63	G48	0
G63	G49	0
G63	G50	0
G63	G51	0
G63	G52	0
G63	G53	0
G63	G54	0
G63	G55	0
G63	G56	0
G63	G57	0
G63	G58	0
G63	G59	0
G63	G60	0
G63	G61	0
G63	G62	0
G63	G64	0
G63	G65	0
G63	G66	0
G63	G67	0
G63	G68	0
G63	G69	0
G63	G70	0
G63	G71	0
G63	G72	0
G63	G73	0
G63	G74	0
G63	G75	0
G63	G76	0
G63	G77	0
G63	G78	0
G63	G79	0
G63	G80	0
G64	G1	0
G64	G2	0
G64	G3	0
G64	G4	0
G64	G5	0
G64	G6	0
G64	G7	0
G64	G8	0
G64	G9	0
G64	G10	0
G64	G11	0
G64	G12	0
G64	G13	0
G64	G14	0
G64	G15	0
G64	G16	0
G64	G17	0
G64	G18	0
G64	G19	0
G64	G20	0
G64	G21	0
G64	G22	0
G64	G23	0
G64	G24	0
G64	G25	0
G64	G26	0
G64	G27	0
G64	G28	0
G64	G29	0
G64	G30	0
G64	G31	0
G64	G32	0
G64	G33	0
G64	G34	0
G64	G35	0
G64	G36	0
G64	G37	0
G64	G38	0
G64	G39	0
G64	G40	0
G64	G41	0
G64	G42	0
G64	G43	0
G64	G44	0
G64	G45	0
G64	G46	0
G64	G47	0
G64	G48	0
G64	G49	0
G64	G50	0
G64	G51	0
G64	G52	0
G64	G53	0
G64	G54	0
G64	G55	0
G64	G56	0
G64	G57	0
G64	G58	0
G64	G59	0
G64	G60	0
G64	G61	0
G64	G62	0
G64	G63	0
G64	G65	0
G64	G66	0
G64	G67	0
G64	G68	0
G64	G69	0
G64	G70	0
G64	G71	0
G64	G72	0
G64	G73	0
G64	G74	0
G64	G75	0
G64	G76	0
G64	G77	0
G64	G78	0
G64	G79	0
G64	G80	0
G65	G1	0
G65	G2	0
G65	G3	0
G65	G4	0
G65	G5	0
G65	G6	0
G65	G7	0
G65	G8	0
G65	G9	0
G65	G10	0
G65	G11	0
G65	G12	0
G65	G13	0
G65	G14	0
G65	G15	0
G65	G16	0
G65	G17	0
G65	G18	0
G65	G19	0
G65	G20	0
G65	G21	0
G65	G22	0
G65	G23	0
G65	G24	0
G65	G25	0
G65	G26	0
G65	G27	0
G65	G28	0
G65	G29	0
G65	G30	0
G65	G31	0
G65	G32	0
G65	G33	0
G65	G34	0
G65	G35	0
G65	G36	0
G65	G37	0
G65	G38	0
G65	G39	0
G65	G40	0
G65	G41	0
G65	G42	0
G65	G43	0
G65	G44	0
G65	G45	0
G65	G46	0
G65	G47	0
G65	G48	0
G65	G49	0
G65	G50	0
G65	G51	0
G65	G52	0
G65	G53	0
G65	G54	0
G65	G55	0
G65	G56	0
G65	G57	0
G65	G58	0
G65	G59	0
G65	G60	0
G65	G61	0
G65	G62	0
G65	G63	0
G65	G64	0
G65	G66	0
G65	G67	0
G65	G68	0
G65	G69	0
G65	G70	0
G65	G71	0
G65	G72	0
G65	G73	0
G65	G74	0
G65	G75	0
G65	G76	0
G65	G77	0
G65	G78	0
G65	G79	0
G65	G80	0
G66	G1	0
G66	G2	0
G66	G3	0
G66	G4	0
G66	G5	0
G66	G6	0
G66	G7	0
G66	G8	0
G66	G9	0
G66	G10	0
G66	G11	0
G66	G12	0
G66	G13	0
G66	G14	0
G66	G15	0
G66	G16	0
G66	G17	0
G66	G18	0
G66	G19	0
G66	G20	0
G66	G21	0
G66	G22	0
G66	G23	0
G66	G24	0
G66	G25	0
G66	G26	0
G66	G27	0
G66	G28	0
G66	G29	0
G66	G30	0
G66	G31	0
G66	G32	0
G66	G33	0
G66	G34	0
G66	G35	0
G66	G36	0
G66	G37	0
G66	G38	0
G66	G39	0
G66	G40	0
G66	G41	0
G66	G42	0
G66	G43	0
G66	G44	0
G66	G45	0
G66	G46	0
G66	G47	0
G66	G48	0
G66	G49	0
G66	G50	0
G66	G51	0
G66	G52	0
G66	G53	0
G66	G54	0
G66	G55	0
G66	G56	0
G66	G57	0
G66	G58	0
G66	G59	0
G66	G60	0
G66	G61	0
G66	G62	0
G66	G63	0
G66	G64	0
G66	G65	0
G66	G67	0
G66	G68	0
G66	G69	0
G66	G70	0
G66	G71	0
G66	G72	0
G66	G73	0
G66	G74	0
G66	G75	0
G66	G76	0
G66	G77	0
G66	G78	0
G66	G79	0
G66	G80	0
G67	G1	0
G67	G2	0
G67	G3	0
G67	G4	0
G67	G5	0
G67	G6	0
G67	G7	0
G67	G8	0
G67	G9	0
G67	G10	0
G67	G11	0
G67	G12	0
G67	G13	0
G67	G14	0
G67	G15	0
G67	G16	0
G67	G17	0
G67	G18	0
G67	G19	0
G67	G20	0
G67	G21	0
G67	G22	0
G67	G23	0
G67	G24	0
G67	G25	0
G67	G26	0
G67	G27	0
G67	G28	0
G67	G29	0
G67	G30	0
G67	G31	0
G67	G32	0
G67	G33	0
G67	G34	0
G67	G35	0
G67	G36	0
G67	G37	0
G67	G38	0
G67	G39	0
G67	G40	0
G67	G41	0
G67	G42	0
G67	G43	0
G67	G44	0
G67	G45	0
G67	G46	0
G67	G47	0
G67	G48	0
G67	G49	0
G67	G50	0
G67	G51	0
G67	G52	0
G67	G54	0
G67	G60	0
G67	G70	0
G68	G1	0
G68	G2	0
G68	G3	0
G68	G4	0
G68	G5	0
G68	G6	0
G68	G7	0
G68	G8	0
G68	G9	0
G68	G10	0
G68	G11	0
G68	G12	0
G68	G13	0
G68	G14	0
G68	G15	0
G68	G16	0
G68	G17	0
G68	G18	0
G68	G19	0
G68	G20	0
G68	G21	0
G68	G22	0
G68	G23	0
G68	G24	0
G68	G25	0
G68	G26	0
G68	G27	0
G68	G28	0
G68	G29	0
G68	G30	0
G68	G31	0
G68	G32	0
G68	G33	0
G68	G34	0
G68	G35	0
G68	G36	0
G68	G37	0
G68	G38	0
G68	G39	0
G68	G40	0
G68	G41	0
G68	G42	0
G68	G43	0
G68	G44	0
G68	G45	0
G68	G46	0
G68	G47	0
G68	G48	0
G68	G49	0
G68	G50	0
G68	G51	0
G68	G52	0
G68	G53	0
G68	G54	0
G68	G55	0
G68	G56	0
G68	G57	0
G68	G58	0
G68	G59	0
G68	G60	0
G68	G61	0
G68	G62	0
G68	G63	0
G68	G64	0
G68	G65	0
G68	G66	0
G68	G67	0
G68	G69	0
G68	G70	0
G68	G71	0
G68	G72	0
G68	G73	0
G68	G74	0
G68	G75	0
G68	G76	0
G68	G77	0
G68	G78	0
G68	G79	0
G68	G80	0
G69	G1	0
G69	G2	0
G69	G3	0
G69	G4	0
G69	G5	0
G69	G6	0
G69	G7	0
G69	G8	0
G69	G9	0
G69	G10	0
G69	G11	0
G69	G12	0
G69	G13	0
G69	G14	0
G69	G15	0
G69	G16	0
G69	G17	0
G69	G18	0
G69	G19	0
G69	G20	0
G69	G21	0
G69	G22	0
G69	G23	0
G69	G24	0
G69	G25	0
G69	G26	0
G69	G27	0
G69	G28	0
G69	G29	0
G69	G30	0
G69	G31	0
G69	G32	0
G69	G33	0
G69	G34	0
G69	G35	0
G69	G36	0
G69	G37	0
G69	G38	0
G69	G39	0
G69	G40	0
G69	G41	0
G69	G42	0
G69	G43	0
G69	G44	0
G69	G45	0
G69	G46	0
G69	G47	0
G69	G48	0
G69	G49	0
G69	G50	0
G69	G51	0
G69	G52	0
G69	G53	0
G69	G54	0
G69	G55	0
G69	G56	0
G69	G57	0
G69	G58	0
G69	G59	0
G69	G60	0
G69	G61	0
G69	G62	0
G69	G63	0
G69	G64	0
G69	G65	0
G69	G66	0
G69	G67	0
G69	G68	0
G69	G70	0
G69	G71	0
G69	G72	0
G69	G73	0
G69	G74	0
G69	G75	0
G69	G76	0
G69	G77	0
G69	G78	0
G69	G79	0
G69	G80	0
G70	G1	0
G70	G2	0
G70	G3	0
G70	G4	0
G70	G5	0
G70	G6	0
G70	G7	0
G70	G8	0
G70	G9	0
G70	G10	0
G70	G11	0
G70	G12	0
G70	G13	0
G70	G14	0
G70	G15	0
G70	G16	0
G70	G17	0
G70	G18	0
G70	G19	0
G70	G20	0
G70	G21	0
G70	G22	0
G70	G23	0
G70	G24	0
G70	G25	0
G70	G26	0
G70	G27	0
G70	G28	0
G70	G29	0
G70	G30	0
G70	G31	0
G70	G32	0
G70	G33	0
G70	G34	0
G70	G35	0
G70	G36	0
G70	G37	0
G70	G38	0
G70	G39	0
G70	G40	0
G70	G41	0
G70	G42	0
G70	G43	0
G70	G44	0
G70	G45	0
G70	G46	0
G70	G47	0
G70	G48	0
G70	G49	0
G70	G50	0
G70	G51	0
G70	G52	0
G70	G54	0
G70	G60	0
G70	G67	0
G71	G1	0
G71	G2	0
G71	G3	0
G71	G4	0
G71	G5	0
G71	G6	0
G71	G7	0
G71	G8	0
G71	G9	0
G71	G10	0
G71	G11	0
G71	G12	0
G71	G13	0
G71	G14	0
G71	G15	0
G71	G16	0
G71	G17	0
G71	G18	0
G71	G19	0
G71	G20	0
G71	G21	0
G71	G22	0
G71	G23	0
G71	G24	0
G71	G25	0
G71	G26	0
G71	G27	0
G71	G28	0
G71	G29	0
G71	G30	0
G71	G31	0
G71	G32	0
G71	G33	0
G71	G34	0
G71	G35	0
G71	G36	0
G71	G37	0
G71	G38	0
G71	G39	0
G71	G40	0
G71	G41	0
G71	G42	0
G71	G43	0
G71	G44	0
G71	G45	0
G71	G46	0
G71	G47	0
G71	G48	0
G71	G49	0
G71	G50	0
G71	G51	0
G71	G52	0
G71	G53	0
G71	G54	0
G71	G55	0
G71	G56	0
G71	G57	0
G71	G58	0
G71	G59	0
G71	G60	0
G71	G61	0
G71	G62	0
G71	G63	0
G71	G64	0
G71	G65	0
G71	G66	0
G71	G67	0
G71	G68	0
G71	G69	0
G71	G70	0
G71	G72	0
G71	G73	0
G71	G74	0
G71	G75	0
G71	G76	0
G71	G77	0
G71	G78	0
G71	G79	0
G71	G80	0
G72	G1	0
G72	G2	0
G72	G3	0
G72	G4	0
G72	G5	0
G72	G6	0
G72	G7	0
G72	G8	0
G72	G9	0
G72	G10	0
G72	G11	0
G72	G12	0
G72	G13	0
G72	G14	0
G72	G15	0
G72	G16	0
G72	G17	0
G72	G18	0
G72	G19	0
G72	G20	0
G72	G21	0
G72	G22	0
G72	G23	0
G72	G24	0
G72	G25	0
G72	G26	0
G72	G27	0
G72	G28	0
G72	G29	0
G72	G30	0
G72	G31	0
G72	G32	0
G72	G33	0
G72	G34	0
G72	G35	0
G72	G36	0
G72	G37	0
G72	G38	0
G72	G39	0
G72	G40	0
G72	G41	0
G72	G42	0
G72	G43	0
G72	G44	0
G72	G45	0
G72	G46	0
G72	G47	0
G72	G48	0
G72	G49	0
G72	G50	0
G72	G51	0
G72	G52	0
G72	G53	0
G72	G54	0
G72	G55	0
G72	G56	0
G72	G57	0
G72	G58	0
G72	G59	0
G72	G60	0
G72	G61	0
G72	G62	0
G72	G63	0
G72	G64	0
G72	G65	0
G72	G66	0
G72	G67	0
G72	G68	0
G72	G69	0
G72	G70	0
G72	G71	0
G72	G73	0
G72	G74	0
G72	G75	0
G72	G76	0
G72	G77	0
G72	G78	0
G72	G79	0
G72	G80	0
G73	G1	0
G73	G2	0
G73	G3	0
G73	G4	0
G73	G5	0
G73	G6	0
G73	G7	0
G73	G8	0
G73	G9	0
G73	G10	0
G73	G11	0
G73	G12	0
G73	G13	0
G73	G14	0
G73	G15	0
G73	G16	0
G73	G17	0
G73	G18	0
G73	G19	0
G73	G20	0
G73	G21	0
G73	G22	0
G73	G23	0
G73	G24	0
G73	G25	0
G73	G26	0
G73	G27	0
G73	G28	0
G73	G29	0
G73	G30	0
G73	G31	0
G73	G32	0
G73	G33	0
G73	G34	0
G73	G35	0
G73	G36	0
G73	G37	0
G73	G38	0
G73	G39	0
G73	G40	0
G73	G41	0
G73	G42	0
G73	G43	0
G73	G44	0
G73	G45	0
G73	G46	0
G73	G47	0
G73	G48	0
G73	G49	0
G73	G50	0
G73	G51	0
G73	G52	0
G73	G53	0
G73	G54	0
G73	G55	0
G73	G56	0
G73	G57	0
G73	G58	0
G73	G59	0
G73	G60	0
G73	G61	0
G73	G62	0
G73	G63	0
G73	G64	0
G73	G65	0
G73	G66	0
G73	G67	0
G73	G68	0
G73	G69	0
G73	G70	0
G73	G71	0
G73	G72	0
G73	G74	0
G73	G75	0
G73	G76	0
G73	G77	0
G73	G78	0
G73	G79	0
G73	G80	0
G74	G1	0
G74	G2	0
G74	G3	0
G74	G4	0
G74	G5	0
G74	G6	0
G74	G7	0
G74	G8	0
G74	G9	0
G74	G10	0
G74	G11	0
G74	G12	0
G74	G13	0
G74	G14	0
G74	G15	0
G74	G16	0
G74	G17	0
G74	G18	0
G74	G19	0
G74	G20	0
G74	G21	0
G74	G22	0
G74	G23	0
G74	G24	0
G74	G25	0
G74	G26	0
G74	G27	0
G74	G28	0
G74	G29	0
G74	G30	0
G74	G31	0
G74	G32	0
G74	G33	0
G74	G34	0
G74	G35	0
G74	G36	0
G74	G37	0
G74	G38	0
G74	G39	0
G74	G40	0
G74	G41	0
G74	G42	0
G74	G43	0
G74	G44	0
G74	G45	0
G74	G46	0
G74	G47	0
G74	G48	0
G74	G49	0
G74	G50	0
G74	G51	0
G74	G52	0
G74	G53	0
G74	G54	0
G74	G55	0
G74	G56	0
G74	G57	0
G74	G58	0
G74	G59	0
G74	G60	0
G74	G61	0
G74	G62	0
G74	G63	0
G74	G64	0
G74	G65	0
G74	G66	0
G74	G67	0
G74	G68	0
G74	G69	0
G74	G70	0
G74	G71	0
G74	G72	0
G74	G73	0
G74	G75	0
G74	G76	0
G74	G77	0
G74	G78	0
G74	G79	0
G74	G80	0
G75	G1	0
G75	G2	0
G75	G3	0
G75	G4	0
G75	G5	0
G75	G6	0
G75	G7	0
G75	G8	0
G75	G9	0
G75	G10	0
G75	G11	0
G75	G12	0
G75	G13	0
G75	G14	0
G75	G15	0
G75	G16	0
G75	G17	0
G75	G18	0
G75	G19	0
G75	G20	0
G75	G21	0
G75	G22	0
G75	G23	0
G75	G24	0
G75	G25	0
G75	G26	0
G75	G27	0
G75	G28	0
G75	G29	0
G75	G30	0
G75	G31	0
G75	G32	0
G75	G33	0
G75	G34	0
G75	G35	0
G75	G36	0
G75	G37	0
G75	G38	0
G75	G39	0
G75	G40	0
G75	G41	0
G75	G42	0
G75	G43	0
G75	G44	0
G75	G45	0
G75	G46	0
G75	G47	0
G75	G48	0
G75	G49	0
G75	G50	0
G75	G51	0
G75	G52	0
G75	G53	0
G75	G54	0
G75	G55	0
G75	G56	0
G75	G57	0
G75	G58	0
G75	G59	0
G75	G60	0
G75	G61	0
G75	G62	0
G75	G63	0
G75	G64	0
G75	G65	0
G75	G66	0
G75	G67	0
G75	G68	0
G75	G69	0
G75	G70	0
G75	G71	0
G75	G72	0
G75	G73	0
G75	G74	0
G75	G76	0
G75	G77	0
G75	G78	0
G75	G79	0
G75	G80	0
G76	G1	0
G76	G2	0
G76	G3	0
G76	G4	0
G76	G5	0
G76	G6	0
G76	G7	0
G76	G8	0
G76	G9	0
G76	G10	0
G76	G11	0
G76	G12	0
G76	G13	0
G76	G14	0
G76	G15	0
G76	G16	0
G76	G17	0
G76	G18	0
G76	G19	0
G76	G20	0
G76	G21	0
G76	G22	0
G76	G23	0
G76	G24	0
G76	G25	0
G76	G26	0
G76	G27	0
G76	G28	0
G76	G29	0
G76	G30	0
G76	G31	0
G76	G32	0
G76	G33	0
G76	G34	0
G76	G35	0
G76	G36	0
G76	G37	0
G76	G38	0
G76	G39	0
G76	G40	0
G76	G41	0
G76	G42	0
G76	G43	0
G76	G44	0
G76	G45	0
G76	G46	0
G76	G47	0
G76	G48	0
G76	G49	0
G76	G50	0
G76	G51	0
G76	G52	0
G76	G53	0
G76	G54	0
G76	G55	0
G76	G56	0
G76	G57	0
G76	G58	0
G76	G59	0
G76	G60	0
G76	G61	0
G76	G62	0
G76	G63	0
G76	G64	0
G76	G65	0
G76	G66	0
G76	G67	0
G76	G68	0
G76	G69	0
G76	G70	0
G76	G71	0
G76	G72	0
G76	G73	0
G76	G74	0
G76	G75	0
G76	G77	0
G76	G78	0
G76	G79	0
G76	G80	0
G77	G1	0
G77	G2	0
G77	G3	0
G77	G4	0
G77	G5	0
G77	G6	0
G77	G7	0
G77	G8	0
G77	G9	0
G77	G10	0
G77	G11	0
G77	G12	0
G77	G13	0
G77	G14	0
G77	G15	0
G77	G16	0
G77	G17	0
G77	G18	0
G77	G19	0
G77	G20	0
G77	G21	0
G77	G22	0
G77	G23	0
G77	G24	0
G77	G25	0
G77	G26	0
G77	G27	0
G77	G28	0
G77	G29	0
G77	G30	0
G77	G31	0
G77	G32	0
G77	G33	0
G77	G34	0
G77	G35	0
G77	G36	0
G77	G37	0
G77	G38	0
G77	G39	0
G77	G40	0
G77	G41	0
G77	G42	0
G77	G43	0
G77	G44	0
G77	G45	0
G77	G46	0
G77	G47	0
G77	G48	0
G77	G49	0
G77	G50	0
G77	G51	0
G77	G52	0
G77	G53	0
G77	G54	0
G77	G55	0
G77	G56	0
G77	G57	0
G77	G58	0
G77	G59	0
G77	G60	0
G77	G61	0
G77	G62	0
G77	G63	0
G77	G64	0
G77	G65	0
G77	G66	0
G77	G67	0
G77	G68	0
G77	G69	0
G77	G70	0
G77	G71	0
G77	G72	0
G77	G73	0
G77	G74	0
G77	G75	0
G77	G76	0
G77	G78	0
G77	G79	0
G77	G80	0
G78	G1	0
G78	G2	0
G78	G3	0
G78	G4	0
G78	G5	0
G78	G6	0
G78	G7	0
G78	G8	0
G78	G9	0
G78	G10	0
G78	G11	0
G78	G12	0
G78	G13	0
G78	G14	0
G78	G15	0
G78	G16	0
G78	G17	0
G78	G18	0
G78	G19	0
G78	G20	0
G78	G21	0
G78	G22	0
G78	G23	0
G78	G24	0
G78	G25	0
G78	G26	0
G78	G27	0
G78	G28	0
G78	G29	0
G78	G30	0
G78	G31	0
G78	G32	0
G78	G33	0
G78	G34	0
G78	G35	0
G78	G36	0
G78	G37	0
G78	G38	0
G78	G39	0
G78	G40	0
G78	G41	0
G78	G42	0
G78	G43	0
G78	G44	0
G78	G45	0
G78	G46	0
G78	G47	0
G78	G48	0
G78	G49	0
G78	G50	0
G78	G51	0
G78	G52	0
G78	G53	0
G78	G54	0
G78	G55	0
G78	G56	0
G78	G57	0
G78	G58	0
G78	G59	0
G78	G60	0
G78	G61	0
G78	G62	0
G78	G63	0
G78	G64	0
G78	G65	0
G78	G66	0
G78	G67	0
G78	G68	0
G78	G69	0
G78	G70	0
G78	G71	0
G78	G72	0
G78	G73	0
G78	G74	0
G78	G75	0
G78	G76	0
G78	G77	0
G78	G79	0
G78	G80	0
G79	G1	0
G79	G2	0
G79	G3	0
G79	G4	0
G79	G5	0
G79	G6	0
G79	G7	0
G79	G8	0
G79	G9	0
G79	G10	0
G79	G11	0
G79	G12	0
G79	G13	0
G79	G14	0
G79	G15	0
G79	G16	0
G79	G17	0
G79	G18	0
G79	G19	0
G79	G20	0
G79	G21	0
G79	G22	0
G79	G23	0
G79	G24	0
G79	G25	0
G79	G26	0
G79	G27	0
G79	G28	0
G79	G29	0
G79	G30	0
G79	G31	0
G79	G32	0
G79	G33	0
G79	G34	0
G79	G35	0
G79	G36	0
G79	G37	0
G79	G38	0
G79	G39	0
G79	G40	0
G79	G41	0
G79	G42	0
G79	G43	0
G79	G44	0
G79	G45	0
G79	G46	0
G79	G47	0
G79	G48	0
G79	G49	0
G79	G50	0
G79	G51	0
G79	G52	0
G79	G53	0
G79	G54	0
G79	G55	0
G79	G56	0
G79	G57	0
G79	G58	0
G79	G59	0
G79	G60	0
G79	G61	0
G79	G62	0
G79	G63	0
G79	G64	0
G79	G65	0
G79	G66	0
G79	G67	0
G79	G68	0
G79	G69	0
G79	G70	0
G79	G71	0
G79	G72	0
G79	G73	0
G79	G74	0
G79	G75	0
G79	G76	0
G79	G77	0
G79	G78	0
G79	G80	0
G80	G1	0
G80	G2	0
G80	G3	0
G80	G4	0
G80	G5	0
G80	G6	0
G80	G7	0
G80	G8	0
G80	G9	0
G80	G10	0
G80	G11	0
G80	G12	0
G80	G13	0
G80	G14	0
G80	G15	0
G80	G16	0
G80	G17	0
G80	G18	0
G80	G19	0
G80	G20	0
G80	G21	0
G80	G22	0
G80	G23	0
G80	G24	0
G80	G25	0
G80	G26	0
G80	G27	0
G80	G28	0
G80	G29	0
G80	G30	0
G80	G31	0
G80	G32	0
G80	G33	0
G80	G34	0
G80	G35	0
G80	G36	0
G80	G37	0
G80	G38	0
G80	G39	0
G80	G40	0
G80	G41	0
G80	G42	0
G80	G43	0
G80	G44	0
G80	G45	0
G80	G46	0
G80	G47	0
G80	G48	0
G80	G49	0
G80	G50	0
G80	G51	0
G80	G52	0
G80	G53	0
G80	G54	0
G80	G55	0
G80	G56	0
G80	G57	0
G80	G58	0
G80	G59	0
G80	G60	0
G80	G61	0
G80	G62	0
G80	G63	0
G80	G64	0
G80	G65	0
G80	G66	0
G80	G67	0
G80	G68	0
G80	G69	0
G80	G70	0
G80	G71	0
G80	G72	0
G80	G73	0
G80	G74	0
G80	G75	0
G80	G76	0
G80	G77	0
G80	G78	0
G80	G79	0
